order_id,order_date,customer_id,category,product,quantity,unit_price,discount_pct,gross_amount,net_amount,region,channel,payment_method,is_returned
100081,2024-01-01,117,Beauty,Makeup Brush Set,1,19.82,0,19.82,19.82,Central,Website,Digital Wallet,False
101702,2024-01-01,235,Fashion,Running Shoes,1,76.41,5,76.41,72.59,Central,Website,Credit Card,False
100144,2024-01-01,575,Electronics,Smart Watch,1,86.05,0,86.05,86.05,West,Website,Debit Card,False
101480,2024-01-01,929,Electronics,USB-C Charger,1,62.16,5,62.16,59.05,Central,Mobile App,Debit Card,False
101404,2024-01-01,1,Electronics,Smart Watch,1,53.99,10,53.99,48.59,North,Website,Cash on Delivery,False
100362,2024-01-01,904,Beauty,Makeup Brush Set,1,31.35,0,31.35,31.35,North,Mobile App,Cash on Delivery,False
100127,2024-01-02,122,Fashion,Running Shoes,1,51.82,0,51.82,51.82,South,Marketplace,Credit Card,False
100716,2024-01-02,959,Beauty,Body Lotion,1,9.17,5,9.17,8.71,Central,Website,Digital Wallet,False
102816,2024-01-02,940,Electronics,USB-C Charger,1,143.31,20,143.31,114.65,Central,Mobile App,Digital Wallet,False
101415,2024-01-03,552,Home & Kitchen,Blender,1,125.15,0,125.15,125.15,West,Mobile App,Debit Card,True
102716,2024-01-03,202,Sports,Water Bottle,1,39.65,15,39.65,33.7,East,Mobile App,Credit Card,False
100148,2024-01-03,975,Fashion,Denim Jacket,1,65.31,0,65.31,65.31,West,Website,Debit Card,False
100961,2024-01-03,126,Beauty,Body Lotion,2,48.71,5,97.42,92.55,East,Website,Credit Card,False
102554,2024-01-03,848,Electronics,Bluetooth Speaker,1,30.25,5,30.25,28.74,West,Website,Cash on Delivery,False
102769,2024-01-04,202,Sports,Resistance Bands,1,33.65,0,33.65,33.65,North,Website,Cash on Delivery,False
100401,2024-01-04,711,Fashion,Denim Jacket,1,41.63,0,41.63,41.63,North,Mobile App,Digital Wallet,False
101091,2024-01-05,53,Home & Kitchen,Coffee Maker,1,118.15,10,118.15,106.34,Central,Mobile App,Credit Card,False
102136,2024-01-05,1163,Beauty,Body Lotion,1,44.79,10,44.79,40.31,Central,Website,Debit Card,False
100274,2024-01-05,1146,Home & Kitchen,Coffee Maker,1,78.2,20,78.2,62.56,East,Mobile App,Credit Card,False
101619,2024-01-05,28,Home & Kitchen,Non-Stick Pan Set,1,49.18,0,49.18,49.18,West,Mobile App,Digital Wallet,False
101098,2024-01-06,988,Fashion,Sunglasses,1,61.93,5,61.93,58.83,South,Mobile App,Credit Card,False
100237,2024-01-07,1007,Electronics,Wireless Earbuds,1,78.61,0,78.61,78.61,West,Website,Credit Card,False
102020,2024-01-07,147,Electronics,Laptop Stand,1,130.96,0,130.96,130.96,South,Website,Debit Card,False
101395,2024-01-07,1195,Beauty,Body Lotion,1,58.42,5,58.42,55.5,East,Website,Debit Card,False
100664,2024-01-07,574,Home & Kitchen,Coffee Maker,2,135.29,5,270.58,257.05,Central,Mobile App,Credit Card,True
102980,2024-01-07,396,Beauty,Shampoo Bar,1,24.19,5,24.19,22.98,East,Mobile App,Debit Card,False
100872,2024-01-07,829,Fashion,Backpack,1,39.87,0,39.87,39.87,South,Website,Credit Card,False
101946,2024-01-08,325,Sports,Water Bottle,1,72.03,0,72.03,72.03,South,Mobile App,Digital Wallet,False
100498,2024-01-08,478,Beauty,Shampoo Bar,1,30.68,0,30.68,30.68,Central,Mobile App,Credit Card,False
100378,2024-01-08,163,Electronics,Wireless Earbuds,1,75.87,0,75.87,75.87,North,Website,Cash on Delivery,False
101426,2024-01-08,446,Sports,Water Bottle,3,38.93,5,116.79,110.95,North,Mobile App,Credit Card,False
100624,2024-01-09,65,Home & Kitchen,Coffee Maker,1,114.06,5,114.06,108.36,South,Mobile App,Digital Wallet,False
102390,2024-01-09,858,Electronics,Bluetooth Speaker,1,40.73,0,40.73,40.73,South,Website,Digital Wallet,False
102994,2024-01-09,936,Beauty,Shampoo Bar,1,32.22,20,32.22,25.78,Central,Mobile App,Digital Wallet,True
101477,2024-01-10,264,Home & Kitchen,Coffee Maker,1,72.79,5,72.79,69.15,South,Mobile App,Digital Wallet,False
102225,2024-01-11,407,Home & Kitchen,Blender,1,37.43,0,37.43,37.43,North,Mobile App,Credit Card,False
100912,2024-01-11,472,Sports,Dumbbell Set,1,30.49,0,30.49,30.49,West,Marketplace,Debit Card,False
102714,2024-01-11,241,Fashion,Sunglasses,3,43.88,0,131.64,131.64,West,Website,Credit Card,False
102415,2024-01-11,1173,Electronics,Phone Case,1,93.36,15,93.36,79.36,Central,Mobile App,Credit Card,False
100701,2024-01-11,989,Fashion,Denim Jacket,1,24.01,15,24.01,20.41,West,Mobile App,Credit Card,False
102286,2024-01-11,998,Electronics,Smart Watch,1,55.44,10,55.44,49.9,West,Mobile App,Cash on Delivery,False
101677,2024-01-11,1117,Sports,Dumbbell Set,2,69.81,0,139.62,139.62,West,Website,Digital Wallet,False
102770,2024-01-11,542,Sports,Yoga Mat,2,30.76,0,61.52,61.52,East,Website,Cash on Delivery,False
102863,2024-01-12,788,Home & Kitchen,Air Fryer,1,140.63,0,140.63,140.63,West,Website,Credit Card,False
100161,2024-01-12,364,Home & Kitchen,Non-Stick Pan Set,1,147.56,0,147.56,147.56,West,Marketplace,Credit Card,False
100049,2024-01-12,698,Sports,Dumbbell Set,1,81.22,5,81.22,77.16,South,Website,Debit Card,False
100254,2024-01-13,321,Fashion,Sunglasses,1,105.66,0,105.66,105.66,East,Website,Debit Card,False
101764,2024-01-13,213,Home & Kitchen,Air Fryer,1,145.47,10,145.47,130.92,West,Website,Digital Wallet,False
100871,2024-01-14,1013,Beauty,Body Lotion,1,16.08,5,16.08,15.28,East,Website,Debit Card,False
101693,2024-01-14,397,Fashion,Denim Jacket,2,74.67,0,149.34,149.34,Central,Website,Digital Wallet,False
100987,2024-01-14,635,Sports,Resistance Bands,1,44.84,5,44.84,42.6,West,Website,Cash on Delivery,False
100697,2024-01-14,434,Electronics,Wireless Earbuds,2,94.37,0,188.74,188.74,East,Mobile App,Debit Card,False
100188,2024-01-14,1156,Beauty,Face Serum,1,27.13,0,27.13,27.13,East,Marketplace,Credit Card,False
100077,2024-01-15,794,Beauty,Face Serum,1,33.29,10,33.29,29.96,East,Mobile App,Digital Wallet,False
102406,2024-01-15,64,Sports,Water Bottle,4,40.06,15,160.24,136.2,Central,Marketplace,Digital Wallet,False
100075,2024-01-15,951,Beauty,Face Serum,2,35.74,10,71.48,64.33,North,Website,Credit Card,False
100546,2024-01-16,743,Electronics,Phone Case,1,100.72,5,100.72,95.68,East,Marketplace,Debit Card,False
101690,2024-01-16,476,Electronics,Bluetooth Speaker,2,29.04,15,58.08,49.37,Central,Mobile App,Debit Card,False
101498,2024-01-16,434,Home & Kitchen,Storage Containers,2,45.57,5,91.14,86.58,South,Mobile App,Credit Card,False
101497,2024-01-16,1131,Electronics,USB-C Charger,2,89.47,15,178.94,152.1,Central,Mobile App,Credit Card,False
102241,2024-01-16,783,Home & Kitchen,Storage Containers,1,94.72,15,94.72,80.51,Central,Mobile App,Credit Card,False
101317,2024-01-17,870,Home & Kitchen,Non-Stick Pan Set,2,133.97,5,267.94,254.54,South,Website,Credit Card,False
101956,2024-01-17,1068,Home & Kitchen,Air Fryer,2,94.85,0,189.7,189.7,East,Mobile App,Credit Card,False
101072,2024-01-17,1159,Home & Kitchen,Coffee Maker,1,45.52,5,45.52,43.24,South,Website,Debit Card,False
100267,2024-01-17,119,Sports,Dumbbell Set,1,10.79,20,10.79,8.63,West,Website,Digital Wallet,False
102727,2024-01-17,693,Home & Kitchen,Non-Stick Pan Set,1,61.75,0,61.75,61.75,Central,Mobile App,Cash on Delivery,False
101056,2024-01-17,431,Sports,Dumbbell Set,2,39.51,0,79.02,79.02,East,Mobile App,Credit Card,False
102892,2024-01-18,1136,Home & Kitchen,Coffee Maker,1,21.94,0,21.94,21.94,South,Mobile App,Credit Card,False
102077,2024-01-18,71,Electronics,Wireless Earbuds,1,54.57,0,54.57,54.57,West,Website,Debit Card,False
101146,2024-01-18,849,Electronics,Phone Case,1,133.37,10,133.37,120.03,North,Mobile App,Debit Card,False
102097,2024-01-18,1038,Electronics,Phone Case,1,123.04,0,123.04,123.04,Central,Marketplace,Digital Wallet,False
102543,2024-01-18,709,Sports,Water Bottle,1,54.14,0,54.14,54.14,Central,Website,Credit Card,False
100086,2024-01-18,925,Electronics,Phone Case,1,95.26,0,95.26,95.26,South,Mobile App,Digital Wallet,False
102785,2024-01-19,66,Home & Kitchen,Air Fryer,1,143.93,5,143.93,136.73,West,Website,Credit Card,False
101777,2024-01-19,319,Electronics,Laptop Stand,1,119.16,0,119.16,119.16,North,Website,Credit Card,False
100493,2024-01-19,378,Home & Kitchen,Blender,1,130.68,0,130.68,130.68,Central,Website,Debit Card,False
102434,2024-01-19,751,Beauty,Shampoo Bar,1,8.37,0,8.37,8.37,East,Mobile App,Digital Wallet,False
102178,2024-01-19,85,Fashion,Running Shoes,1,23.22,0,23.22,23.22,West,Mobile App,Digital Wallet,False
102691,2024-01-19,224,Sports,Yoga Mat,2,40.27,5,80.54,76.51,West,Mobile App,Credit Card,False
101998,2024-01-19,659,Electronics,Phone Case,2,43.97,0,87.94,87.94,Central,Website,Digital Wallet,False
101746,2024-01-19,303,Home & Kitchen,Non-Stick Pan Set,1,119.88,10,119.88,107.89,Central,Website,Debit Card,False
100592,2024-01-20,819,Home & Kitchen,Non-Stick Pan Set,1,108.98,10,108.98,98.08,North,Website,Debit Card,False
100190,2024-01-20,766,Home & Kitchen,Non-Stick Pan Set,2,86.31,0,172.62,172.62,South,Mobile App,Debit Card,False
100110,2024-01-20,781,Sports,Yoga Mat,1,30.82,0,30.82,30.82,North,Website,Digital Wallet,False
101156,2024-01-21,934,Beauty,Face Serum,1,40.42,5,40.42,38.4,East,Mobile App,Debit Card,False
102969,2024-01-21,273,Beauty,Makeup Brush Set,1,19.22,0,19.22,19.22,Central,Mobile App,Credit Card,False
100880,2024-01-21,648,Sports,Yoga Mat,1,22.65,0,22.65,22.65,South,Mobile App,Debit Card,False
102620,2024-01-21,1030,Electronics,Phone Case,1,89.99,0,89.99,89.99,South,Website,Digital Wallet,False
102385,2024-01-22,576,Electronics,Smart Watch,1,141.24,0,141.24,141.24,East,Mobile App,Debit Card,False
100430,2024-01-22,224,Electronics,Smart Watch,1,97.25,0,97.25,97.25,East,Marketplace,Debit Card,False
102645,2024-01-22,987,Beauty,Body Lotion,2,32.66,0,65.32,65.32,South,Website,Digital Wallet,False
102999,2024-01-23,636,Electronics,USB-C Charger,2,64.21,0,128.42,128.42,Central,Marketplace,Credit Card,False
101814,2024-01-23,966,Home & Kitchen,Storage Containers,1,136.55,0,136.55,136.55,West,Mobile App,Credit Card,False
102720,2024-01-23,365,Electronics,Smart Watch,1,123.91,5,123.91,117.71,South,Marketplace,Digital Wallet,False
101137,2024-01-24,208,Fashion,Denim Jacket,1,62.46,0,62.46,62.46,West,Mobile App,Debit Card,False
102537,2024-01-24,475,Electronics,Phone Case,1,168.97,0,168.97,168.97,South,Marketplace,Digital Wallet,False
100133,2024-01-24,420,Home & Kitchen,Non-Stick Pan Set,2,115.6,0,231.2,231.2,South,Marketplace,Debit Card,True
100586,2024-01-24,64,Home & Kitchen,Non-Stick Pan Set,2,149.48,10,298.96,269.06,West,Website,Cash on Delivery,False
100461,2024-01-24,387,Electronics,Bluetooth Speaker,2,88.21,0,176.42,176.42,East,Mobile App,Debit Card,False
101315,2024-01-24,274,Electronics,Smart Watch,1,25.4,0,25.4,25.4,South,Website,Credit Card,False
102379,2024-01-24,726,Fashion,Running Shoes,1,17.03,0,17.03,17.03,South,Website,Digital Wallet,False
101174,2024-01-25,1016,Electronics,Smart Watch,2,70.88,0,141.76,141.76,South,Mobile App,Debit Card,False
102139,2024-01-25,549,Beauty,Makeup Brush Set,1,20.44,0,20.44,20.44,East,Website,Debit Card,False
102754,2024-01-25,309,Sports,Yoga Mat,1,80.81,20,80.81,64.65,North,Website,Credit Card,False
101944,2024-01-26,1026,Beauty,Makeup Brush Set,1,55.37,0,55.37,55.37,Central,Website,Digital Wallet,False
100894,2024-01-26,655,Home & Kitchen,Non-Stick Pan Set,1,143.91,10,143.91,129.52,East,Website,Credit Card,False
101805,2024-01-26,205,Electronics,USB-C Charger,1,96.3,5,96.3,91.48,Central,Mobile App,Credit Card,False
101484,2024-01-26,886,Beauty,Shampoo Bar,1,53.91,0,53.91,53.91,West,Mobile App,Debit Card,False
101234,2024-01-26,833,Fashion,Backpack,2,76.03,0,152.06,152.06,East,Mobile App,Credit Card,False
102870,2024-01-27,84,Home & Kitchen,Non-Stick Pan Set,1,122.83,0,122.83,122.83,South,Mobile App,Credit Card,False
101931,2024-01-27,525,Home & Kitchen,Coffee Maker,1,96.55,0,96.55,96.55,North,Marketplace,Credit Card,False
102180,2024-01-27,653,Electronics,Bluetooth Speaker,1,88.43,0,88.43,88.43,Central,Website,Credit Card,False
102991,2024-01-27,160,Home & Kitchen,Blender,2,103.42,0,206.84,206.84,South,Website,Credit Card,False
101947,2024-01-27,1090,Electronics,USB-C Charger,1,171.71,0,171.71,171.71,East,Website,Debit Card,False
102032,2024-01-27,164,Home & Kitchen,Coffee Maker,1,94.48,5,94.48,89.76,East,Mobile App,Debit Card,False
101631,2024-01-27,272,Electronics,Smart Watch,1,121.94,20,121.94,97.55,West,Mobile App,Debit Card,False
101330,2024-01-28,576,Electronics,Phone Case,3,179.6,5,538.8,511.86,West,Website,Digital Wallet,False
101003,2024-01-28,560,Home & Kitchen,Non-Stick Pan Set,1,67.61,0,67.61,67.61,East,Mobile App,Debit Card,False
101388,2024-01-28,415,Home & Kitchen,Coffee Maker,2,25.76,0,51.52,51.52,East,Marketplace,Credit Card,False
101868,2024-01-29,561,Fashion,Wool Sweater,1,99.3,10,99.3,89.37,North,Website,Credit Card,False
100573,2024-01-29,1165,Beauty,Face Serum,1,21.55,0,21.55,21.55,East,Mobile App,Debit Card,False
102711,2024-01-30,948,Home & Kitchen,Blender,1,91.92,0,91.92,91.92,West,Mobile App,Digital Wallet,False
101110,2024-01-30,39,Electronics,Wireless Earbuds,1,109.61,0,109.61,109.61,West,Marketplace,Digital Wallet,False
101699,2024-01-30,530,Beauty,Shampoo Bar,1,33.31,0,33.31,33.31,South,Mobile App,Credit Card,False
102113,2024-01-30,737,Electronics,USB-C Charger,1,165.26,0,165.26,165.26,Central,Mobile App,Credit Card,False
102984,2024-01-30,138,Electronics,Bluetooth Speaker,1,44.73,0,44.73,44.73,Central,Website,Credit Card,False
102333,2024-01-31,1051,Beauty,Body Lotion,1,17.59,15,17.59,14.95,North,Mobile App,Digital Wallet,False
101495,2024-01-31,590,Electronics,Bluetooth Speaker,2,88.01,15,176.02,149.62,North,Marketplace,Credit Card,False
100825,2024-01-31,1105,Electronics,Smart Watch,1,30.09,5,30.09,28.59,East,Mobile App,Debit Card,False
100591,2024-01-31,941,Home & Kitchen,Coffee Maker,1,21.82,15,21.82,18.55,Central,Mobile App,Credit Card,False
101854,2024-01-31,34,Sports,Water Bottle,1,64.01,0,64.01,64.01,East,Website,Digital Wallet,False
101281,2024-01-31,567,Beauty,Makeup Brush Set,1,37.12,0,37.12,37.12,East,Website,Credit Card,False
100834,2024-02-01,557,Sports,Resistance Bands,1,25.35,5,25.35,24.08,West,Website,Credit Card,False
100481,2024-02-01,13,Home & Kitchen,Blender,1,112.65,0,112.65,112.65,South,Website,Credit Card,False
102420,2024-02-01,357,Sports,Dumbbell Set,1,78.39,5,78.39,74.47,South,Marketplace,Credit Card,False
101421,2024-02-01,916,Home & Kitchen,Coffee Maker,4,81.52,0,326.08,326.08,Central,Website,Debit Card,False
101280,2024-02-01,404,Fashion,Sunglasses,1,58.55,0,58.55,58.55,East,Marketplace,Credit Card,False
102384,2024-02-02,692,Home & Kitchen,Storage Containers,4,79.48,0,317.92,317.92,Central,Website,Digital Wallet,False
100009,2024-02-02,643,Electronics,Smart Watch,2,75.4,5,150.8,143.26,East,Mobile App,Credit Card,False
100753,2024-02-02,1041,Home & Kitchen,Air Fryer,1,68.47,0,68.47,68.47,Central,Mobile App,Debit Card,False
102207,2024-02-02,99,Home & Kitchen,Coffee Maker,2,115.99,0,231.98,231.98,North,Mobile App,Cash on Delivery,False
101767,2024-02-02,665,Beauty,Body Lotion,1,49.58,0,49.58,49.58,Central,Website,Digital Wallet,False
101932,2024-02-03,590,Home & Kitchen,Blender,2,94.44,0,188.88,188.88,West,Mobile App,Credit Card,False
102574,2024-02-03,78,Home & Kitchen,Air Fryer,2,84.84,10,169.68,152.71,East,Website,Debit Card,False
101510,2024-02-03,117,Fashion,Wool Sweater,1,15.42,0,15.42,15.42,South,Mobile App,Credit Card,False
102513,2024-02-03,283,Fashion,Wool Sweater,1,16.84,0,16.84,16.84,Central,Mobile App,Credit Card,False
100397,2024-02-03,582,Electronics,Smart Watch,1,176.29,0,176.29,176.29,West,Website,Credit Card,False
100806,2024-02-03,175,Home & Kitchen,Blender,1,108.13,0,108.13,108.13,North,Website,Debit Card,False
102057,2024-02-04,517,Fashion,Wool Sweater,1,95.91,0,95.91,95.91,South,Marketplace,Credit Card,False
101976,2024-02-04,233,Home & Kitchen,Coffee Maker,2,143.03,0,286.06,286.06,East,Mobile App,Debit Card,False
102577,2024-02-04,174,Electronics,Phone Case,1,31.71,0,31.71,31.71,East,Marketplace,Digital Wallet,False
101483,2024-02-04,301,Electronics,Bluetooth Speaker,1,87.02,0,87.02,87.02,West,Mobile App,Digital Wallet,False
102356,2024-02-05,961,Sports,Dumbbell Set,2,37.86,5,75.72,71.93,North,Website,Credit Card,False
102538,2024-02-05,1181,Sports,Water Bottle,2,51.14,5,102.28,97.17,Central,Mobile App,Credit Card,False
100954,2024-02-05,605,Electronics,Wireless Earbuds,1,118.04,0,118.04,118.04,West,Website,Digital Wallet,False
102295,2024-02-05,1157,Electronics,Wireless Earbuds,2,179.51,0,359.02,359.02,North,Website,Digital Wallet,False
100918,2024-02-05,847,Fashion,Sunglasses,1,101.13,0,101.13,101.13,Central,Marketplace,Debit Card,False
102762,2024-02-05,867,Beauty,Shampoo Bar,1,32.81,0,32.81,32.81,Central,Website,Debit Card,False
102808,2024-02-06,500,Home & Kitchen,Air Fryer,2,59.96,5,119.92,113.92,Central,Website,Digital Wallet,False
101915,2024-02-06,561,Electronics,Bluetooth Speaker,1,82.6,0,82.6,82.6,Central,Website,Credit Card,False
102231,2024-02-06,744,Sports,Water Bottle,1,13.57,0,13.57,13.57,North,Mobile App,Digital Wallet,False
102296,2024-02-06,241,Electronics,Phone Case,1,96.32,10,96.32,86.69,South,Mobile App,Credit Card,False
101039,2024-02-07,1170,Beauty,Shampoo Bar,1,52.38,0,52.38,52.38,West,Website,Credit Card,False
102388,2024-02-07,320,Beauty,Body Lotion,4,16.12,0,64.48,64.48,North,Mobile App,Digital Wallet,False
102455,2024-02-07,1184,Fashion,Wool Sweater,1,100.38,0,100.38,100.38,East,Website,Cash on Delivery,False
101365,2024-02-07,1032,Fashion,Wool Sweater,1,22.0,0,22.0,22.0,East,Mobile App,Debit Card,False
100623,2024-02-07,308,Fashion,Wool Sweater,1,54.5,0,54.5,54.5,West,Mobile App,Digital Wallet,False
102477,2024-02-07,690,Sports,Yoga Mat,1,69.37,0,69.37,69.37,Central,Website,Digital Wallet,False
101194,2024-02-07,661,Home & Kitchen,Non-Stick Pan Set,1,99.04,10,99.04,89.14,Central,Mobile App,Debit Card,False
102443,2024-02-08,296,Beauty,Makeup Brush Set,1,58.39,0,58.39,58.39,South,Website,Cash on Delivery,False
100064,2024-02-08,109,Home & Kitchen,Air Fryer,1,89.59,0,89.59,89.59,North,Mobile App,Digital Wallet,False
101914,2024-02-09,474,Beauty,Makeup Brush Set,1,40.1,10,40.1,36.09,North,Marketplace,Credit Card,False
101806,2024-02-09,634,Fashion,Sunglasses,1,110.84,0,110.84,110.84,Central,Marketplace,Credit Card,False
102706,2024-02-09,788,Fashion,Denim Jacket,2,60.31,0,120.62,120.62,North,Website,Credit Card,False
101476,2024-02-10,734,Fashion,Wool Sweater,3,34.03,0,102.09,102.09,West,Marketplace,Credit Card,False
100236,2024-02-10,440,Home & Kitchen,Blender,1,95.69,5,95.69,90.91,West,Website,Debit Card,False
101090,2024-02-10,676,Home & Kitchen,Storage Containers,1,70.23,0,70.23,70.23,South,Mobile App,Debit Card,False
102377,2024-02-11,443,Fashion,Running Shoes,2,44.74,10,89.48,80.53,Central,Website,Digital Wallet,False
101239,2024-02-11,598,Home & Kitchen,Blender,2,98.47,10,196.94,177.25,West,Website,Credit Card,False
102252,2024-02-11,119,Home & Kitchen,Storage Containers,1,65.26,0,65.26,65.26,Central,Website,Digital Wallet,False
102367,2024-02-11,448,Home & Kitchen,Storage Containers,1,46.0,0,46.0,46.0,Central,Website,Credit Card,False
101759,2024-02-11,653,Home & Kitchen,Air Fryer,1,96.44,5,96.44,91.62,East,Website,Credit Card,False
101061,2024-02-11,565,Fashion,Denim Jacket,1,91.08,10,91.08,81.97,South,Website,Digital Wallet,False
100892,2024-02-11,410,Beauty,Shampoo Bar,1,37.34,20,37.34,29.87,Central,Website,Credit Card,False
101050,2024-02-12,837,Fashion,Wool Sweater,1,65.93,0,65.93,65.93,South,Mobile App,Debit Card,False
100149,2024-02-12,1141,Beauty,Shampoo Bar,2,46.84,0,93.68,93.68,Central,Website,Credit Card,False
101449,2024-02-13,744,Beauty,Makeup Brush Set,1,31.78,0,31.78,31.78,East,Website,Debit Card,False
101532,2024-02-13,513,Fashion,Backpack,1,54.94,5,54.94,52.19,East,Website,Credit Card,False
101013,2024-02-14,851,Sports,Resistance Bands,3,17.08,15,51.24,43.55,South,Website,Debit Card,False
101908,2024-02-15,10,Fashion,Denim Jacket,1,83.19,0,83.19,83.19,East,Website,Credit Card,False
102958,2024-02-15,139,Electronics,Bluetooth Speaker,1,54.31,0,54.31,54.31,South,Website,Credit Card,False
101744,2024-02-15,181,Electronics,Laptop Stand,2,82.31,0,164.62,164.62,Central,Website,Credit Card,False
102201,2024-02-16,796,Sports,Water Bottle,3,24.01,0,72.03,72.03,South,Website,Debit Card,True
101582,2024-02-16,1168,Fashion,Backpack,2,49.36,0,98.72,98.72,East,Website,Debit Card,False
102611,2024-02-16,1168,Electronics,USB-C Charger,1,94.15,10,94.15,84.74,South,Website,Debit Card,False
100679,2024-02-16,694,Home & Kitchen,Air Fryer,1,59.83,0,59.83,59.83,North,Website,Debit Card,False
100714,2024-02-16,1070,Sports,Resistance Bands,1,45.09,20,45.09,36.07,West,Marketplace,Digital Wallet,False
102277,2024-02-16,437,Fashion,Denim Jacket,2,46.95,0,93.9,93.9,West,Website,Debit Card,False
101897,2024-02-16,382,Home & Kitchen,Blender,1,39.65,0,39.65,39.65,South,Website,Digital Wallet,False
100758,2024-02-16,983,Sports,Water Bottle,1,88.91,15,88.91,75.57,North,Marketplace,Credit Card,False
100983,2024-02-16,493,Home & Kitchen,Air Fryer,1,41.61,5,41.61,39.53,Central,Mobile App,Digital Wallet,False
102398,2024-02-16,899,Beauty,Body Lotion,1,15.2,0,15.2,15.2,North,Marketplace,Cash on Delivery,False
101006,2024-02-16,816,Beauty,Makeup Brush Set,1,29.99,0,29.99,29.99,North,Website,Digital Wallet,False
101447,2024-02-17,1184,Home & Kitchen,Air Fryer,2,52.64,10,105.28,94.75,North,Mobile App,Cash on Delivery,False
101651,2024-02-17,209,Sports,Resistance Bands,1,17.59,0,17.59,17.59,West,Website,Debit Card,False
100248,2024-02-17,837,Sports,Dumbbell Set,1,78.32,10,78.32,70.49,East,Website,Credit Card,False
100448,2024-02-17,516,Electronics,Bluetooth Speaker,2,144.76,0,289.52,289.52,West,Website,Debit Card,False
101580,2024-02-17,905,Beauty,Body Lotion,1,26.27,5,26.27,24.96,North,Mobile App,Credit Card,False
100227,2024-02-18,618,Electronics,Smart Watch,2,154.16,0,308.32,308.32,Central,Website,Credit Card,False
101289,2024-02-18,349,Fashion,Denim Jacket,1,102.74,10,102.74,92.47,Central,Website,Credit Card,False
102047,2024-02-18,1158,Home & Kitchen,Storage Containers,1,62.25,5,62.25,59.14,West,Marketplace,Credit Card,False
102695,2024-02-18,5,Home & Kitchen,Air Fryer,1,58.44,0,58.44,58.44,Central,Marketplace,Debit Card,False
101308,2024-02-20,598,Electronics,Bluetooth Speaker,1,34.68,15,34.68,29.48,South,Website,Debit Card,False
102210,2024-02-20,550,Home & Kitchen,Non-Stick Pan Set,2,107.04,0,214.08,214.08,Central,Mobile App,Credit Card,False
100783,2024-02-20,1020,Home & Kitchen,Blender,2,130.94,10,261.88,235.69,North,Website,Digital Wallet,False
101159,2024-02-20,655,Fashion,Running Shoes,1,81.58,0,81.58,81.58,West,Website,Credit Card,False
101628,2024-02-20,678,Electronics,Wireless Earbuds,1,25.4,0,25.4,25.4,Central,Mobile App,Digital Wallet,False
102327,2024-02-20,549,Electronics,Phone Case,1,103.43,0,103.43,103.43,Central,Website,Credit Card,False
102378,2024-02-20,959,Beauty,Makeup Brush Set,2,59.05,0,118.1,118.1,South,Marketplace,Cash on Delivery,False
101692,2024-02-20,542,Electronics,Bluetooth Speaker,2,45.54,5,91.08,86.53,West,Website,Credit Card,False
102369,2024-02-20,1096,Fashion,Backpack,1,109.34,0,109.34,109.34,East,Website,Credit Card,False
100500,2024-02-20,801,Beauty,Body Lotion,1,24.88,0,24.88,24.88,Central,Website,Debit Card,False
102948,2024-02-21,415,Home & Kitchen,Blender,1,112.97,0,112.97,112.97,South,Website,Digital Wallet,False
101591,2024-02-21,859,Fashion,Backpack,1,27.93,10,27.93,25.14,South,Mobile App,Credit Card,False
100647,2024-02-21,657,Electronics,Wireless Earbuds,1,135.52,0,135.52,135.52,Central,Website,Digital Wallet,False
102149,2024-02-21,690,Electronics,Smart Watch,1,42.38,5,42.38,40.26,North,Marketplace,Debit Card,False
100694,2024-02-21,196,Electronics,Laptop Stand,3,151.6,10,454.8,409.32,Central,Website,Digital Wallet,False
100266,2024-02-22,387,Fashion,Wool Sweater,1,54.8,0,54.8,54.8,West,Marketplace,Credit Card,False
100007,2024-02-22,1153,Fashion,Running Shoes,1,44.5,0,44.5,44.5,Central,Website,Cash on Delivery,False
102771,2024-02-23,593,Home & Kitchen,Storage Containers,1,86.49,0,86.49,86.49,East,Website,Debit Card,False
100807,2024-02-23,823,Electronics,Phone Case,4,41.77,5,167.08,158.73,West,Mobile App,Debit Card,False
101637,2024-02-24,43,Sports,Water Bottle,3,41.64,10,124.92,112.43,South,Website,Digital Wallet,False
101461,2024-02-24,511,Home & Kitchen,Coffee Maker,1,74.02,5,74.02,70.32,North,Website,Digital Wallet,True
100979,2024-02-25,370,Electronics,Smart Watch,1,141.91,0,141.91,141.91,West,Website,Credit Card,False
100649,2024-02-25,275,Sports,Yoga Mat,2,87.98,0,175.96,175.96,Central,Website,Debit Card,False
100932,2024-02-26,878,Fashion,Running Shoes,1,42.62,5,42.62,40.49,West,Website,Digital Wallet,False
101296,2024-02-26,1178,Electronics,Smart Watch,1,142.41,0,142.41,142.41,West,Website,Credit Card,False
101753,2024-02-26,11,Home & Kitchen,Storage Containers,1,90.95,0,90.95,90.95,South,Marketplace,Credit Card,False
101635,2024-02-26,4,Electronics,Smart Watch,1,100.82,0,100.82,100.82,West,Mobile App,Credit Card,False
100555,2024-02-27,1108,Fashion,Denim Jacket,1,50.95,0,50.95,50.95,South,Mobile App,Digital Wallet,False
101575,2024-02-27,1078,Fashion,Running Shoes,1,83.56,5,83.56,79.38,East,Website,Digital Wallet,False
101036,2024-02-28,1006,Beauty,Body Lotion,2,9.37,0,18.74,18.74,West,Mobile App,Digital Wallet,False
100814,2024-02-28,566,Sports,Resistance Bands,1,60.33,5,60.33,57.31,South,Mobile App,Digital Wallet,False
100985,2024-02-28,471,Sports,Water Bottle,2,70.01,0,140.02,140.02,South,Mobile App,Cash on Delivery,False
101349,2024-02-28,301,Electronics,Phone Case,1,146.99,0,146.99,146.99,South,Website,Digital Wallet,False
102588,2024-02-29,1131,Sports,Water Bottle,2,53.19,0,106.38,106.38,South,Mobile App,Digital Wallet,False
101197,2024-03-01,499,Fashion,Wool Sweater,1,61.89,0,61.89,61.89,North,Mobile App,Digital Wallet,False
100793,2024-03-01,533,Beauty,Makeup Brush Set,1,49.92,5,49.92,47.42,South,Mobile App,Digital Wallet,False
100737,2024-03-01,55,Home & Kitchen,Coffee Maker,1,129.92,0,129.92,129.92,West,Website,Credit Card,False
101756,2024-03-01,603,Fashion,Denim Jacket,1,57.66,20,57.66,46.13,North,Website,Credit Card,False
100060,2024-03-01,524,Electronics,Phone Case,1,152.38,0,152.38,152.38,Central,Mobile App,Debit Card,False
101819,2024-03-02,529,Home & Kitchen,Storage Containers,1,148.64,0,148.64,148.64,East,Mobile App,Digital Wallet,False
101444,2024-03-02,762,Beauty,Makeup Brush Set,1,49.96,0,49.96,49.96,West,Website,Credit Card,False
101671,2024-03-02,334,Electronics,Laptop Stand,1,159.19,0,159.19,159.19,North,Website,Digital Wallet,False
101271,2024-03-02,1143,Home & Kitchen,Non-Stick Pan Set,1,72.05,0,72.05,72.05,West,Mobile App,Debit Card,False
102521,2024-03-02,839,Fashion,Sunglasses,1,64.98,0,64.98,64.98,West,Mobile App,Credit Card,False
100688,2024-03-03,606,Home & Kitchen,Coffee Maker,1,89.07,20,89.07,71.26,South,Website,Credit Card,False
101327,2024-03-03,911,Fashion,Backpack,1,114.18,5,114.18,108.47,North,Website,Digital Wallet,False
102005,2024-03-04,488,Electronics,Laptop Stand,1,144.22,10,144.22,129.8,South,Marketplace,Digital Wallet,False
101064,2024-03-04,918,Home & Kitchen,Coffee Maker,2,111.88,0,223.76,223.76,North,Website,Digital Wallet,False
100778,2024-03-04,1028,Electronics,Wireless Earbuds,1,75.96,10,75.96,68.36,Central,Mobile App,Credit Card,False
102802,2024-03-05,1127,Fashion,Denim Jacket,1,94.4,20,94.4,75.52,North,Website,Credit Card,False
100717,2024-03-05,623,Beauty,Face Serum,2,30.89,15,61.78,52.51,East,Website,Debit Card,False
101310,2024-03-05,730,Home & Kitchen,Blender,1,45.69,15,45.69,38.84,North,Website,Digital Wallet,False
101298,2024-03-05,166,Beauty,Body Lotion,1,58.25,5,58.25,55.34,North,Website,Debit Card,False
101962,2024-03-06,1197,Fashion,Backpack,1,88.75,0,88.75,88.75,East,Marketplace,Digital Wallet,False
101955,2024-03-06,243,Fashion,Denim Jacket,2,114.75,0,229.5,229.5,South,Mobile App,Credit Card,False
102641,2024-03-06,258,Electronics,USB-C Charger,1,126.71,5,126.71,120.37,South,Website,Debit Card,False
101321,2024-03-06,975,Electronics,Phone Case,2,159.81,0,319.62,319.62,South,Website,Digital Wallet,False
101492,2024-03-06,1135,Electronics,USB-C Charger,2,144.17,0,288.34,288.34,Central,Website,Credit Card,False
100543,2024-03-06,395,Sports,Water Bottle,1,50.33,0,50.33,50.33,North,Mobile App,Credit Card,False
100438,2024-03-06,1171,Fashion,Wool Sweater,3,64.88,0,194.64,194.64,South,Mobile App,Debit Card,False
102678,2024-03-06,1,Home & Kitchen,Non-Stick Pan Set,1,61.63,15,61.63,52.39,North,Mobile App,Cash on Delivery,False
102124,2024-03-06,399,Home & Kitchen,Coffee Maker,2,71.69,15,143.38,121.87,South,Mobile App,Credit Card,False
102164,2024-03-06,549,Sports,Dumbbell Set,2,61.57,0,123.14,123.14,West,Marketplace,Digital Wallet,False
100740,2024-03-07,775,Sports,Water Bottle,1,18.75,0,18.75,18.75,West,Marketplace,Credit Card,False
102054,2024-03-07,973,Electronics,Phone Case,2,178.87,0,357.74,357.74,North,Mobile App,Digital Wallet,False
102193,2024-03-07,1022,Fashion,Denim Jacket,3,33.73,0,101.19,101.19,East,Website,Credit Card,False
101741,2024-03-07,165,Beauty,Makeup Brush Set,1,20.63,15,20.63,17.54,North,Mobile App,Debit Card,False
102177,2024-03-07,155,Home & Kitchen,Blender,1,47.31,5,47.31,44.94,East,Mobile App,Debit Card,False
101178,2024-03-08,626,Sports,Yoga Mat,2,46.24,0,92.48,92.48,North,Website,Credit Card,False
100569,2024-03-09,921,Beauty,Face Serum,1,40.45,10,40.45,36.4,North,Website,Credit Card,False
100594,2024-03-09,551,Home & Kitchen,Coffee Maker,1,37.22,0,37.22,37.22,South,Website,Credit Card,False
102285,2024-03-09,634,Electronics,Smart Watch,1,70.21,0,70.21,70.21,North,Website,Debit Card,False
101251,2024-03-09,344,Sports,Dumbbell Set,1,12.53,5,12.53,11.9,South,Mobile App,Debit Card,False
100919,2024-03-09,584,Beauty,Shampoo Bar,1,36.14,0,36.14,36.14,North,Mobile App,Digital Wallet,False
100078,2024-03-09,141,Beauty,Shampoo Bar,1,55.24,0,55.24,55.24,South,Marketplace,Credit Card,False
100757,2024-03-09,1101,Home & Kitchen,Coffee Maker,1,107.26,5,107.26,101.9,South,Marketplace,Credit Card,False
100609,2024-03-09,243,Electronics,Smart Watch,1,94.76,0,94.76,94.76,Central,Website,Credit Card,False
103000,2024-03-10,382,Fashion,Sunglasses,2,90.41,0,180.82,180.82,South,Website,Digital Wallet,False
101585,2024-03-10,408,Sports,Dumbbell Set,1,50.54,15,50.54,42.96,North,Marketplace,Debit Card,False
102722,2024-03-10,98,Home & Kitchen,Air Fryer,1,33.37,0,33.37,33.37,West,Mobile App,Debit Card,False
100864,2024-03-11,527,Home & Kitchen,Air Fryer,1,30.4,0,30.4,30.4,West,Website,Credit Card,False
102096,2024-03-11,1198,Sports,Water Bottle,1,60.0,0,60.0,60.0,Central,Mobile App,Digital Wallet,False
100657,2024-03-11,606,Electronics,Bluetooth Speaker,1,74.7,0,74.7,74.7,South,Mobile App,Credit Card,False
100395,2024-03-11,64,Electronics,Laptop Stand,2,142.66,0,285.32,285.32,West,Website,Debit Card,False
101794,2024-03-11,1033,Beauty,Shampoo Bar,1,23.11,0,23.11,23.11,West,Website,Credit Card,False
102971,2024-03-11,367,Fashion,Wool Sweater,2,114.04,15,228.08,193.87,Central,Website,Debit Card,False
100699,2024-03-12,93,Home & Kitchen,Blender,1,140.18,0,140.18,140.18,West,Marketplace,Credit Card,False
102662,2024-03-12,53,Fashion,Backpack,1,100.17,5,100.17,95.16,East,Website,Cash on Delivery,False
100055,2024-03-12,990,Electronics,Bluetooth Speaker,2,105.65,0,211.3,211.3,West,Mobile App,Cash on Delivery,False
101902,2024-03-12,773,Beauty,Shampoo Bar,1,57.5,0,57.5,57.5,West,Website,Credit Card,True
100369,2024-03-13,271,Beauty,Body Lotion,1,22.2,0,22.2,22.2,East,Mobile App,Credit Card,False
102743,2024-03-13,421,Home & Kitchen,Blender,1,89.15,0,89.15,89.15,West,Marketplace,Credit Card,False
100158,2024-03-13,160,Home & Kitchen,Blender,1,64.66,0,64.66,64.66,West,Website,Digital Wallet,False
101705,2024-03-13,99,Home & Kitchen,Coffee Maker,1,93.83,5,93.83,89.14,West,Mobile App,Debit Card,False
100294,2024-03-13,192,Home & Kitchen,Non-Stick Pan Set,2,147.21,5,294.42,279.7,West,Mobile App,Debit Card,False
101392,2024-03-13,1169,Sports,Water Bottle,1,63.42,5,63.42,60.25,West,Website,Digital Wallet,False
100537,2024-03-14,1076,Electronics,USB-C Charger,1,55.86,5,55.86,53.07,South,Website,Credit Card,False
101858,2024-03-14,318,Electronics,Smart Watch,1,102.19,0,102.19,102.19,West,Mobile App,Debit Card,False
101667,2024-03-14,1094,Beauty,Body Lotion,1,44.43,5,44.43,42.21,East,Marketplace,Credit Card,False
101467,2024-03-15,277,Electronics,Wireless Earbuds,1,165.89,15,165.89,141.01,East,Marketplace,Digital Wallet,False
101644,2024-03-15,25,Home & Kitchen,Air Fryer,1,50.24,15,50.24,42.7,Central,Mobile App,Credit Card,False
101623,2024-03-15,167,Beauty,Face Serum,1,30.21,0,30.21,30.21,West,Marketplace,Debit Card,False
101443,2024-03-15,691,Electronics,Smart Watch,1,169.57,0,169.57,169.57,West,Marketplace,Credit Card,False
100608,2024-03-15,818,Electronics,USB-C Charger,4,140.57,5,562.28,534.17,Central,Website,Credit Card,False
102140,2024-03-16,629,Sports,Resistance Bands,1,65.32,20,65.32,52.26,West,Website,Cash on Delivery,False
102340,2024-03-16,29,Home & Kitchen,Storage Containers,1,28.8,10,28.8,25.92,Central,Website,Credit Card,True
102409,2024-03-16,796,Sports,Resistance Bands,1,29.07,0,29.07,29.07,South,Mobile App,Credit Card,False
100693,2024-03-16,9,Fashion,Wool Sweater,2,41.3,0,82.6,82.6,South,Mobile App,Credit Card,False
101542,2024-03-16,277,Fashion,Denim Jacket,1,44.95,10,44.95,40.46,East,Mobile App,Credit Card,False
102103,2024-03-17,129,Home & Kitchen,Non-Stick Pan Set,4,133.5,0,534.0,534.0,East,Mobile App,Credit Card,False
102565,2024-03-17,625,Fashion,Sunglasses,1,44.04,0,44.04,44.04,Central,Marketplace,Debit Card,False
100685,2024-03-17,1101,Fashion,Denim Jacket,1,48.66,0,48.66,48.66,East,Website,Debit Card,False
102449,2024-03-17,345,Fashion,Backpack,1,47.46,0,47.46,47.46,North,Mobile App,Digital Wallet,False
101312,2024-03-17,8,Beauty,Face Serum,1,55.9,0,55.9,55.9,North,Website,Credit Card,False
100241,2024-03-17,674,Fashion,Sunglasses,4,18.25,10,73.0,65.7,Central,Website,Debit Card,False
101023,2024-03-18,681,Home & Kitchen,Coffee Maker,1,65.0,10,65.0,58.5,Central,Website,Cash on Delivery,False
101973,2024-03-18,544,Home & Kitchen,Storage Containers,1,112.72,0,112.72,112.72,East,Website,Credit Card,False
101906,2024-03-18,209,Beauty,Shampoo Bar,2,36.37,15,72.74,61.83,North,Mobile App,Credit Card,False
101336,2024-03-18,318,Electronics,Wireless Earbuds,2,87.82,0,175.64,175.64,East,Website,Credit Card,False
102823,2024-03-19,607,Home & Kitchen,Non-Stick Pan Set,1,71.24,0,71.24,71.24,South,Website,Cash on Delivery,False
100650,2024-03-19,377,Beauty,Shampoo Bar,1,42.8,0,42.8,42.8,North,Website,Credit Card,False
100469,2024-03-19,582,Beauty,Shampoo Bar,2,8.52,0,17.04,17.04,East,Mobile App,Credit Card,False
102772,2024-03-19,436,Electronics,Smart Watch,1,26.61,0,26.61,26.61,South,Website,Credit Card,False
100725,2024-03-20,383,Electronics,Phone Case,3,55.23,0,165.69,165.69,West,Website,Digital Wallet,False
100517,2024-03-20,854,Fashion,Wool Sweater,1,105.76,0,105.76,105.76,West,Mobile App,Digital Wallet,False
100015,2024-03-21,1077,Electronics,Bluetooth Speaker,1,102.92,0,102.92,102.92,North,Mobile App,Digital Wallet,False
101810,2024-03-21,1012,Fashion,Backpack,1,74.21,0,74.21,74.21,East,Website,Debit Card,False
101221,2024-03-22,985,Electronics,Phone Case,2,157.24,5,314.48,298.76,Central,Marketplace,Debit Card,False
100794,2024-03-22,508,Electronics,Smart Watch,4,78.7,20,314.8,251.84,South,Website,Digital Wallet,False
101212,2024-03-22,97,Home & Kitchen,Storage Containers,1,38.24,0,38.24,38.24,West,Website,Debit Card,False
102777,2024-03-22,442,Home & Kitchen,Storage Containers,1,86.74,5,86.74,82.4,South,Website,Digital Wallet,False
102622,2024-03-22,333,Fashion,Denim Jacket,1,35.65,0,35.65,35.65,South,Mobile App,Digital Wallet,False
100532,2024-03-22,713,Beauty,Shampoo Bar,1,56.14,0,56.14,56.14,West,Mobile App,Credit Card,False
100975,2024-03-23,465,Fashion,Denim Jacket,1,42.47,0,42.47,42.47,East,Mobile App,Debit Card,False
101734,2024-03-23,673,Beauty,Makeup Brush Set,4,26.07,0,104.28,104.28,North,Mobile App,Digital Wallet,False
102073,2024-03-23,1097,Electronics,USB-C Charger,1,94.97,0,94.97,94.97,South,Mobile App,Cash on Delivery,False
100054,2024-03-23,34,Electronics,Smart Watch,1,56.78,0,56.78,56.78,West,Website,Digital Wallet,False
101763,2024-03-24,1009,Sports,Yoga Mat,1,18.37,0,18.37,18.37,East,Mobile App,Credit Card,False
102613,2024-03-24,938,Fashion,Wool Sweater,2,44.44,5,88.88,84.44,South,Marketplace,Credit Card,False
102015,2024-03-24,684,Home & Kitchen,Non-Stick Pan Set,1,33.64,20,33.64,26.91,South,Mobile App,Credit Card,False
102198,2024-03-25,82,Electronics,USB-C Charger,2,39.41,0,78.82,78.82,South,Website,Debit Card,False
101776,2024-03-25,707,Fashion,Wool Sweater,1,85.09,15,85.09,72.33,Central,Mobile App,Debit Card,False
102238,2024-03-25,1098,Sports,Dumbbell Set,2,42.03,0,84.06,84.06,South,Marketplace,Debit Card,False
101995,2024-03-25,607,Beauty,Body Lotion,1,27.08,5,27.08,25.73,East,Mobile App,Digital Wallet,True
101455,2024-03-26,28,Sports,Dumbbell Set,1,17.84,0,17.84,17.84,West,Mobile App,Debit Card,False
102683,2024-03-26,406,Fashion,Backpack,1,119.19,0,119.19,119.19,East,Marketplace,Credit Card,False
101378,2024-03-27,791,Fashion,Running Shoes,4,98.99,15,395.96,336.57,South,Website,Digital Wallet,False
100746,2024-03-27,173,Sports,Resistance Bands,2,50.05,0,100.1,100.1,Central,Website,Credit Card,False
101668,2024-03-28,636,Fashion,Sunglasses,1,83.16,15,83.16,70.69,East,Website,Digital Wallet,False
102979,2024-03-28,824,Electronics,Laptop Stand,2,97.28,10,194.56,175.1,Central,Marketplace,Cash on Delivery,False
102746,2024-03-29,33,Fashion,Backpack,1,59.64,5,59.64,56.66,East,Marketplace,Cash on Delivery,False
100111,2024-03-29,738,Fashion,Wool Sweater,2,24.61,0,49.22,49.22,West,Mobile App,Credit Card,False
102467,2024-03-29,349,Electronics,Smart Watch,1,25.69,0,25.69,25.69,South,Website,Debit Card,False
102144,2024-03-29,1002,Electronics,Bluetooth Speaker,1,162.77,10,162.77,146.49,South,Website,Credit Card,True
101676,2024-03-29,697,Sports,Water Bottle,1,16.19,5,16.19,15.38,North,Website,Cash on Delivery,False
102897,2024-03-30,932,Home & Kitchen,Coffee Maker,2,82.53,0,165.06,165.06,North,Website,Credit Card,False
100272,2024-03-30,1092,Electronics,Bluetooth Speaker,2,163.89,0,327.78,327.78,East,Website,Digital Wallet,False
100860,2024-03-30,953,Sports,Dumbbell Set,1,83.08,0,83.08,83.08,North,Mobile App,Credit Card,False
101488,2024-03-31,765,Fashion,Running Shoes,2,89.56,15,179.12,152.25,Central,Mobile App,Digital Wallet,False
102053,2024-03-31,798,Sports,Dumbbell Set,1,76.44,0,76.44,76.44,North,Marketplace,Digital Wallet,False
100337,2024-03-31,459,Beauty,Shampoo Bar,1,8.3,0,8.3,8.3,Central,Website,Cash on Delivery,False
100544,2024-03-31,1076,Fashion,Denim Jacket,1,109.47,0,109.47,109.47,North,Mobile App,Debit Card,False
101333,2024-04-01,888,Beauty,Makeup Brush Set,1,54.64,0,54.64,54.64,West,Mobile App,Credit Card,False
102028,2024-04-01,95,Beauty,Body Lotion,1,51.21,10,51.21,46.09,North,Website,Digital Wallet,False
101583,2024-04-02,804,Electronics,Wireless Earbuds,1,51.1,0,51.1,51.1,South,Website,Credit Card,False
100386,2024-04-02,624,Sports,Dumbbell Set,1,44.7,0,44.7,44.7,North,Website,Debit Card,False
102824,2024-04-02,651,Electronics,USB-C Charger,3,49.64,0,148.92,148.92,North,Website,Cash on Delivery,False
101701,2024-04-03,519,Electronics,Smart Watch,1,148.35,0,148.35,148.35,Central,Mobile App,Digital Wallet,False
101771,2024-04-03,1107,Beauty,Shampoo Bar,1,59.33,15,59.33,50.43,North,Mobile App,Credit Card,False
100464,2024-04-03,848,Home & Kitchen,Storage Containers,2,73.39,15,146.78,124.76,South,Mobile App,Debit Card,False
102095,2024-04-03,671,Electronics,Smart Watch,1,175.43,0,175.43,175.43,Central,Mobile App,Cash on Delivery,True
100841,2024-04-04,1149,Electronics,Bluetooth Speaker,1,128.09,10,128.09,115.28,North,Mobile App,Cash on Delivery,False
102022,2024-04-04,9,Electronics,Bluetooth Speaker,1,129.28,5,129.28,122.82,Central,Website,Digital Wallet,False
102452,2024-04-04,1183,Home & Kitchen,Non-Stick Pan Set,4,106.78,5,427.12,405.76,East,Mobile App,Digital Wallet,False
102451,2024-04-04,860,Home & Kitchen,Air Fryer,3,24.97,0,74.91,74.91,West,Website,Cash on Delivery,False
101353,2024-04-04,226,Sports,Dumbbell Set,1,75.63,0,75.63,75.63,Central,Mobile App,Cash on Delivery,False
102650,2024-04-04,963,Beauty,Body Lotion,2,45.17,5,90.34,85.82,East,Marketplace,Debit Card,False
102070,2024-04-05,1125,Electronics,Bluetooth Speaker,1,122.79,20,122.79,98.23,Central,Website,Cash on Delivery,False
102279,2024-04-06,565,Sports,Resistance Bands,2,38.21,5,76.42,72.6,South,Website,Credit Card,False
101320,2024-04-06,687,Electronics,Smart Watch,2,36.07,0,72.14,72.14,Central,Marketplace,Digital Wallet,False
101429,2024-04-06,135,Fashion,Running Shoes,1,79.21,10,79.21,71.29,North,Marketplace,Digital Wallet,False
100463,2024-04-07,974,Electronics,USB-C Charger,1,30.16,0,30.16,30.16,East,Website,Credit Card,False
100302,2024-04-07,230,Home & Kitchen,Air Fryer,1,57.37,20,57.37,45.9,East,Mobile App,Credit Card,False
102956,2024-04-07,85,Sports,Resistance Bands,1,64.77,5,64.77,61.53,North,Marketplace,Debit Card,False
102920,2024-04-07,440,Electronics,Laptop Stand,1,78.06,0,78.06,78.06,South,Mobile App,Cash on Delivery,False
102836,2024-04-07,701,Fashion,Wool Sweater,2,28.6,5,57.2,54.34,West,Website,Debit Card,False
100391,2024-04-08,54,Electronics,USB-C Charger,4,154.42,0,617.68,617.68,South,Marketplace,Debit Card,False
100120,2024-04-08,849,Home & Kitchen,Storage Containers,1,110.18,0,110.18,110.18,West,Mobile App,Credit Card,False
102206,2024-04-08,849,Home & Kitchen,Air Fryer,1,87.12,0,87.12,87.12,North,Website,Cash on Delivery,False
101209,2024-04-08,786,Sports,Resistance Bands,4,42.83,0,171.32,171.32,East,Marketplace,Digital Wallet,False
102536,2024-04-08,113,Beauty,Body Lotion,1,33.71,0,33.71,33.71,South,Website,Digital Wallet,False
102726,2024-04-08,262,Electronics,Laptop Stand,1,153.34,5,153.34,145.67,North,Website,Cash on Delivery,False
101618,2024-04-09,229,Fashion,Backpack,1,118.8,10,118.8,106.92,West,Website,Credit Card,False
102883,2024-04-09,369,Fashion,Denim Jacket,1,114.08,0,114.08,114.08,East,Website,Debit Card,False
102481,2024-04-09,283,Electronics,Smart Watch,2,48.35,0,96.7,96.7,Central,Marketplace,Cash on Delivery,False
100605,2024-04-09,1154,Fashion,Backpack,1,30.88,0,30.88,30.88,Central,Mobile App,Credit Card,False
101371,2024-04-09,590,Home & Kitchen,Air Fryer,1,121.53,15,121.53,103.3,North,Website,Credit Card,True
101350,2024-04-09,163,Home & Kitchen,Storage Containers,1,125.0,0,125.0,125.0,North,Website,Cash on Delivery,False
100264,2024-04-09,940,Fashion,Wool Sweater,1,18.77,15,18.77,15.95,West,Mobile App,Credit Card,False
101942,2024-04-10,332,Beauty,Makeup Brush Set,3,41.06,0,123.18,123.18,Central,Marketplace,Debit Card,False
101790,2024-04-10,1074,Home & Kitchen,Coffee Maker,1,61.68,5,61.68,58.6,West,Website,Credit Card,False
102234,2024-04-10,845,Electronics,USB-C Charger,2,31.08,0,62.16,62.16,East,Mobile App,Credit Card,False
102061,2024-04-10,945,Electronics,Laptop Stand,1,73.83,0,73.83,73.83,West,Mobile App,Digital Wallet,False
100976,2024-04-11,304,Home & Kitchen,Storage Containers,2,48.24,0,96.48,96.48,West,Website,Debit Card,False
102470,2024-04-11,971,Home & Kitchen,Non-Stick Pan Set,1,44.69,15,44.69,37.99,Central,Mobile App,Debit Card,False
101273,2024-04-11,1094,Electronics,Laptop Stand,1,73.05,0,73.05,73.05,Central,Website,Debit Card,False
102735,2024-04-11,671,Electronics,Phone Case,1,166.54,5,166.54,158.21,Central,Mobile App,Credit Card,False
101508,2024-04-12,326,Electronics,Bluetooth Speaker,1,60.29,0,60.29,60.29,Central,Website,Digital Wallet,False
102059,2024-04-12,56,Beauty,Body Lotion,1,58.47,15,58.47,49.7,South,Marketplace,Debit Card,False
100001,2024-04-12,1124,Beauty,Makeup Brush Set,1,46.06,0,46.06,46.06,East,Website,Debit Card,False
100323,2024-04-12,416,Home & Kitchen,Coffee Maker,2,99.47,5,198.94,188.99,East,Mobile App,Debit Card,False
100030,2024-04-12,1130,Electronics,USB-C Charger,1,55.13,5,55.13,52.37,West,Website,Cash on Delivery,False
100252,2024-04-13,188,Home & Kitchen,Air Fryer,1,30.09,0,30.09,30.09,East,Website,Credit Card,False
101865,2024-04-13,428,Fashion,Wool Sweater,1,17.31,0,17.31,17.31,West,Marketplace,Digital Wallet,False
101640,2024-04-13,107,Home & Kitchen,Coffee Maker,4,91.71,5,366.84,348.5,West,Website,Credit Card,False
100637,2024-04-13,824,Home & Kitchen,Blender,2,91.72,20,183.44,146.75,North,Website,Debit Card,False
100293,2024-04-13,763,Electronics,Phone Case,1,149.55,0,149.55,149.55,Central,Marketplace,Credit Card,False
100670,2024-04-13,900,Electronics,USB-C Charger,4,95.28,0,381.12,381.12,South,Website,Debit Card,False
102546,2024-04-14,565,Home & Kitchen,Storage Containers,1,65.87,10,65.87,59.28,West,Website,Debit Card,False
100370,2024-04-14,183,Fashion,Denim Jacket,2,90.3,0,180.6,180.6,West,Marketplace,Credit Card,False
100619,2024-04-14,713,Home & Kitchen,Air Fryer,2,26.61,0,53.22,53.22,West,Mobile App,Credit Card,False
100797,2024-04-14,319,Electronics,Wireless Earbuds,1,152.14,0,152.14,152.14,East,Website,Digital Wallet,False
100128,2024-04-15,553,Electronics,Wireless Earbuds,1,172.49,15,172.49,146.62,North,Marketplace,Credit Card,False
100662,2024-04-15,340,Electronics,Smart Watch,1,28.85,0,28.85,28.85,South,Marketplace,Digital Wallet,False
102927,2024-04-15,223,Sports,Water Bottle,1,10.9,0,10.9,10.9,East,Marketplace,Digital Wallet,False
101522,2024-04-15,52,Electronics,Laptop Stand,1,36.98,5,36.98,35.13,North,Mobile App,Credit Card,False
102914,2024-04-16,1177,Sports,Water Bottle,1,83.71,10,83.71,75.34,East,Website,Cash on Delivery,False
101264,2024-04-16,627,Home & Kitchen,Blender,1,35.25,10,35.25,31.72,Central,Marketplace,Debit Card,False
101886,2024-04-16,1126,Sports,Yoga Mat,4,82.27,15,329.08,279.72,East,Mobile App,Debit Card,False
102590,2024-04-16,803,Electronics,Bluetooth Speaker,1,46.7,0,46.7,46.7,East,Website,Credit Card,False
100773,2024-04-16,267,Fashion,Denim Jacket,1,55.02,5,55.02,52.27,Central,Marketplace,Cash on Delivery,False
102970,2024-04-16,882,Fashion,Denim Jacket,1,71.72,5,71.72,68.13,West,Website,Credit Card,False
101825,2024-04-16,1037,Sports,Yoga Mat,2,68.06,10,136.12,122.51,West,Website,Digital Wallet,False
100861,2024-04-17,560,Home & Kitchen,Blender,1,132.26,0,132.26,132.26,Central,Mobile App,Credit Card,False
101732,2024-04-17,727,Sports,Water Bottle,2,60.73,5,121.46,115.39,Central,Mobile App,Debit Card,False
101509,2024-04-17,259,Sports,Resistance Bands,1,51.03,0,51.03,51.03,West,Website,Credit Card,True
101010,2024-04-17,632,Home & Kitchen,Storage Containers,2,62.98,0,125.96,125.96,West,Mobile App,Digital Wallet,False
102350,2024-04-17,642,Electronics,Smart Watch,2,135.34,0,270.68,270.68,North,Mobile App,Debit Card,False
100402,2024-04-17,182,Electronics,Phone Case,1,176.77,10,176.77,159.09,West,Website,Digital Wallet,False
102959,2024-04-17,1187,Fashion,Denim Jacket,1,51.64,5,51.64,49.06,East,Mobile App,Debit Card,False
100410,2024-04-18,476,Sports,Water Bottle,2,68.32,0,136.64,136.64,North,Website,Credit Card,False
100359,2024-04-18,887,Sports,Dumbbell Set,1,26.6,15,26.6,22.61,Central,Mobile App,Digital Wallet,False
101749,2024-04-18,362,Fashion,Denim Jacket,1,41.79,0,41.79,41.79,South,Website,Credit Card,False
100966,2024-04-18,301,Electronics,Bluetooth Speaker,1,144.1,0,144.1,144.1,North,Website,Credit Card,False
101821,2024-04-18,491,Home & Kitchen,Non-Stick Pan Set,2,72.24,10,144.48,130.03,West,Mobile App,Digital Wallet,False
102647,2024-04-19,984,Beauty,Body Lotion,1,31.54,20,31.54,25.23,East,Mobile App,Debit Card,False
101305,2024-04-19,814,Home & Kitchen,Air Fryer,1,113.19,20,113.19,90.55,East,Website,Debit Card,False
102530,2024-04-20,399,Electronics,Smart Watch,2,173.4,0,346.8,346.8,South,Mobile App,Credit Card,True
101471,2024-04-20,1177,Beauty,Body Lotion,1,16.47,0,16.47,16.47,Central,Marketplace,Credit Card,False
102165,2024-04-20,1159,Home & Kitchen,Air Fryer,2,20.85,0,41.7,41.7,East,Website,Digital Wallet,False
101398,2024-04-20,55,Electronics,Smart Watch,1,112.6,10,112.6,101.34,North,Website,Digital Wallet,False
102839,2024-04-20,215,Electronics,Phone Case,1,171.16,10,171.16,154.04,West,Website,Digital Wallet,False
101020,2024-04-20,1188,Electronics,Wireless Earbuds,1,63.76,0,63.76,63.76,South,Mobile App,Credit Card,False
102437,2024-04-20,458,Fashion,Backpack,1,48.71,5,48.71,46.27,North,Marketplace,Credit Card,False
102106,2024-04-20,287,Electronics,USB-C Charger,1,111.53,15,111.53,94.8,Central,Mobile App,Digital Wallet,False
102093,2024-04-21,622,Beauty,Body Lotion,1,47.14,0,47.14,47.14,West,Website,Credit Card,False
101357,2024-04-21,822,Fashion,Wool Sweater,1,116.31,15,116.31,98.86,South,Mobile App,Digital Wallet,True
100444,2024-04-21,58,Electronics,Wireless Earbuds,1,45.64,0,45.64,45.64,North,Mobile App,Credit Card,True
101367,2024-04-21,232,Electronics,Bluetooth Speaker,1,44.05,10,44.05,39.64,Central,Mobile App,Digital Wallet,False
102710,2024-04-21,99,Beauty,Face Serum,3,51.76,0,155.28,155.28,West,Mobile App,Credit Card,False
101416,2024-04-21,210,Electronics,USB-C Charger,1,30.91,0,30.91,30.91,West,Mobile App,Credit Card,False
100830,2024-04-21,14,Fashion,Backpack,2,43.92,0,87.84,87.84,South,Mobile App,Digital Wallet,False
101309,2024-04-21,624,Fashion,Sunglasses,3,71.81,15,215.43,183.12,West,Website,Digital Wallet,False
100458,2024-04-21,237,Home & Kitchen,Blender,4,124.42,0,497.68,497.68,West,Mobile App,Debit Card,False
100741,2024-04-22,1063,Electronics,Laptop Stand,4,103.48,0,413.92,413.92,South,Website,Digital Wallet,False
100341,2024-04-22,471,Home & Kitchen,Coffee Maker,3,85.52,10,256.56,230.9,East,Mobile App,Credit Card,False
102202,2024-04-22,1094,Home & Kitchen,Non-Stick Pan Set,1,131.34,0,131.34,131.34,North,Website,Cash on Delivery,False
102609,2024-04-23,325,Home & Kitchen,Non-Stick Pan Set,2,24.76,15,49.52,42.09,West,Website,Cash on Delivery,False
100677,2024-04-24,275,Beauty,Makeup Brush Set,1,31.34,0,31.34,31.34,South,Website,Credit Card,False
100865,2024-04-24,502,Electronics,Wireless Earbuds,1,48.18,0,48.18,48.18,East,Mobile App,Credit Card,False
100457,2024-04-24,827,Home & Kitchen,Non-Stick Pan Set,2,124.31,0,248.62,248.62,South,Website,Digital Wallet,False
102458,2024-04-24,11,Sports,Yoga Mat,2,52.28,10,104.56,94.1,South,Mobile App,Credit Card,False
100160,2024-04-25,670,Electronics,Laptop Stand,3,38.76,5,116.28,110.47,North,Website,Debit Card,False
101664,2024-04-25,27,Electronics,Smart Watch,1,121.37,0,121.37,121.37,South,Website,Credit Card,False
100192,2024-04-26,1137,Beauty,Body Lotion,1,35.06,0,35.06,35.06,North,Website,Credit Card,False
102424,2024-04-27,973,Home & Kitchen,Storage Containers,2,111.15,0,222.3,222.3,North,Website,Digital Wallet,False
100233,2024-04-27,296,Electronics,Laptop Stand,1,51.64,5,51.64,49.06,Central,Website,Debit Card,False
101147,2024-04-27,330,Home & Kitchen,Blender,1,135.26,0,135.26,135.26,South,Website,Credit Card,False
100527,2024-04-27,837,Electronics,Bluetooth Speaker,2,171.07,0,342.14,342.14,South,Website,Digital Wallet,False
101935,2024-04-27,880,Electronics,Smart Watch,1,76.35,0,76.35,76.35,South,Website,Cash on Delivery,False
101624,2024-04-27,597,Home & Kitchen,Air Fryer,1,81.23,5,81.23,77.17,North,Website,Credit Card,False
100898,2024-04-27,623,Sports,Dumbbell Set,1,13.31,0,13.31,13.31,Central,Mobile App,Digital Wallet,False
102534,2024-04-27,361,Fashion,Wool Sweater,1,89.2,0,89.2,89.2,North,Mobile App,Digital Wallet,False
101523,2024-04-28,1091,Home & Kitchen,Storage Containers,1,23.44,10,23.44,21.1,North,Website,Credit Card,False
101199,2024-04-28,960,Home & Kitchen,Storage Containers,1,97.13,15,97.13,82.56,North,Marketplace,Digital Wallet,False
102323,2024-04-28,635,Sports,Resistance Bands,3,61.14,0,183.42,183.42,Central,Website,Digital Wallet,False
102168,2024-04-28,763,Sports,Yoga Mat,1,68.21,0,68.21,68.21,East,Marketplace,Credit Card,False
101269,2024-04-29,650,Sports,Water Bottle,1,57.7,10,57.7,51.93,West,Mobile App,Cash on Delivery,False
100483,2024-04-29,818,Fashion,Wool Sweater,1,104.14,0,104.14,104.14,North,Website,Credit Card,False
100585,2024-04-30,1197,Fashion,Wool Sweater,1,117.15,0,117.15,117.15,West,Website,Credit Card,False
101669,2024-04-30,1138,Fashion,Wool Sweater,1,15.79,0,15.79,15.79,South,Mobile App,Credit Card,True
100774,2024-04-30,320,Home & Kitchen,Non-Stick Pan Set,1,73.75,10,73.75,66.38,North,Website,Cash on Delivery,False
100314,2024-04-30,621,Electronics,Smart Watch,1,42.34,10,42.34,38.11,West,Mobile App,Digital Wallet,False
102412,2024-04-30,345,Fashion,Running Shoes,1,25.29,0,25.29,25.29,South,Mobile App,Cash on Delivery,False
100890,2024-04-30,718,Beauty,Shampoo Bar,1,25.71,0,25.71,25.71,East,Website,Digital Wallet,False
102781,2024-05-01,453,Electronics,Laptop Stand,1,129.3,5,129.3,122.84,South,Mobile App,Digital Wallet,False
102869,2024-05-01,850,Electronics,USB-C Charger,1,63.68,0,63.68,63.68,West,Website,Debit Card,False
101111,2024-05-01,242,Beauty,Makeup Brush Set,1,13.92,0,13.92,13.92,East,Mobile App,Digital Wallet,False
101412,2024-05-02,995,Beauty,Makeup Brush Set,1,51.01,0,51.01,51.01,South,Website,Debit Card,False
100673,2024-05-02,1044,Beauty,Face Serum,1,46.45,0,46.45,46.45,East,Website,Credit Card,False
100432,2024-05-02,1171,Electronics,Phone Case,1,140.06,0,140.06,140.06,West,Website,Debit Card,False
102705,2024-05-02,1057,Home & Kitchen,Blender,1,64.98,0,64.98,64.98,Central,Marketplace,Debit Card,False
101778,2024-05-03,248,Beauty,Makeup Brush Set,1,55.4,10,55.4,49.86,Central,Website,Cash on Delivery,False
102017,2024-05-03,456,Electronics,Smart Watch,2,45.53,10,91.06,81.95,East,Mobile App,Cash on Delivery,False
101912,2024-05-03,891,Fashion,Denim Jacket,1,38.17,0,38.17,38.17,West,Mobile App,Credit Card,False
102236,2024-05-03,657,Home & Kitchen,Storage Containers,3,145.91,0,437.73,437.73,West,Marketplace,Digital Wallet,False
101743,2024-05-03,841,Fashion,Sunglasses,1,99.25,10,99.25,89.32,South,Mobile App,Digital Wallet,False
102326,2024-05-04,1196,Home & Kitchen,Non-Stick Pan Set,1,57.28,10,57.28,51.55,West,Mobile App,Digital Wallet,False
100278,2024-05-04,495,Sports,Water Bottle,3,41.62,20,124.86,99.89,Central,Marketplace,Digital Wallet,False
102374,2024-05-05,707,Sports,Yoga Mat,3,80.64,0,241.92,241.92,East,Website,Digital Wallet,False
101482,2024-05-05,18,Beauty,Body Lotion,1,14.2,0,14.2,14.2,West,Website,Debit Card,False
100238,2024-05-05,1055,Fashion,Running Shoes,1,86.1,0,86.1,86.1,West,Mobile App,Debit Card,False
101662,2024-05-06,878,Electronics,USB-C Charger,1,172.68,15,172.68,146.78,East,Mobile App,Credit Card,False
102137,2024-05-06,513,Home & Kitchen,Non-Stick Pan Set,1,81.06,0,81.06,81.06,Central,Website,Debit Card,False
101205,2024-05-06,801,Home & Kitchen,Coffee Maker,1,33.59,20,33.59,26.87,North,Mobile App,Credit Card,False
102120,2024-05-06,1141,Electronics,Smart Watch,1,52.0,5,52.0,49.4,East,Marketplace,Credit Card,False
101069,2024-05-06,436,Electronics,Phone Case,1,174.06,10,174.06,156.65,North,Mobile App,Digital Wallet,True
101099,2024-05-07,172,Electronics,Wireless Earbuds,1,97.74,10,97.74,87.97,North,Website,Debit Card,False
102547,2024-05-07,342,Electronics,Bluetooth Speaker,1,153.87,10,153.87,138.48,West,Marketplace,Debit Card,False
102025,2024-05-07,521,Electronics,USB-C Charger,1,81.45,15,81.45,69.23,South,Marketplace,Credit Card,False
101246,2024-05-07,163,Fashion,Running Shoes,1,20.42,10,20.42,18.38,Central,Website,Credit Card,False
102223,2024-05-08,552,Home & Kitchen,Coffee Maker,1,133.74,5,133.74,127.05,West,Mobile App,Credit Card,False
100210,2024-05-08,131,Home & Kitchen,Storage Containers,1,106.83,0,106.83,106.83,South,Website,Credit Card,False
101282,2024-05-08,1057,Home & Kitchen,Coffee Maker,1,62.02,10,62.02,55.82,Central,Website,Debit Card,False
102874,2024-05-08,183,Electronics,Laptop Stand,1,67.49,5,67.49,64.12,North,Mobile App,Digital Wallet,False
101710,2024-05-09,682,Home & Kitchen,Non-Stick Pan Set,2,147.46,10,294.92,265.43,East,Mobile App,Debit Card,False
102138,2024-05-09,338,Home & Kitchen,Blender,1,58.25,20,58.25,46.6,North,Mobile App,Credit Card,False
100465,2024-05-09,819,Sports,Water Bottle,1,35.67,20,35.67,28.54,Central,Website,Credit Card,False
102731,2024-05-09,5,Home & Kitchen,Air Fryer,1,121.53,0,121.53,121.53,Central,Website,Digital Wallet,False
102736,2024-05-09,934,Fashion,Wool Sweater,1,101.79,0,101.79,101.79,Central,Mobile App,Debit Card,False
100675,2024-05-09,520,Electronics,Bluetooth Speaker,3,44.29,0,132.87,132.87,South,Website,Debit Card,False
101183,2024-05-09,863,Electronics,Bluetooth Speaker,2,129.74,0,259.48,259.48,East,Mobile App,Credit Card,False
102761,2024-05-09,442,Electronics,Bluetooth Speaker,1,171.88,0,171.88,171.88,Central,Mobile App,Digital Wallet,False
101839,2024-05-09,921,Beauty,Shampoo Bar,1,52.04,5,52.04,49.44,South,Website,Digital Wallet,False
100674,2024-05-09,862,Electronics,Laptop Stand,3,108.0,0,324.0,324.0,West,Mobile App,Cash on Delivery,False
100584,2024-05-10,133,Electronics,Phone Case,1,128.29,0,128.29,128.29,East,Website,Credit Card,False
100099,2024-05-10,817,Electronics,Laptop Stand,1,132.68,0,132.68,132.68,East,Website,Digital Wallet,False
100002,2024-05-10,22,Electronics,Bluetooth Speaker,3,136.91,0,410.73,410.73,West,Website,Credit Card,True
101195,2024-05-10,111,Fashion,Denim Jacket,2,115.54,5,231.08,219.53,North,Website,Cash on Delivery,False
101592,2024-05-11,834,Sports,Yoga Mat,1,66.81,5,66.81,63.47,East,Mobile App,Digital Wallet,False
100516,2024-05-11,689,Fashion,Running Shoes,1,76.46,15,76.46,64.99,East,Mobile App,Digital Wallet,False
102209,2024-05-12,1114,Electronics,USB-C Charger,1,127.85,0,127.85,127.85,Central,Website,Cash on Delivery,False
101678,2024-05-12,304,Beauty,Makeup Brush Set,2,46.44,0,92.88,92.88,North,Marketplace,Debit Card,False
100043,2024-05-12,1198,Fashion,Wool Sweater,1,51.85,0,51.85,51.85,South,Mobile App,Digital Wallet,False
100636,2024-05-12,690,Home & Kitchen,Air Fryer,1,36.4,0,36.4,36.4,East,Mobile App,Credit Card,False
102555,2024-05-12,318,Sports,Water Bottle,1,60.23,0,60.23,60.23,South,Website,Credit Card,False
101550,2024-05-12,131,Fashion,Sunglasses,2,23.76,0,47.52,47.52,North,Marketplace,Cash on Delivery,False
102913,2024-05-13,622,Home & Kitchen,Blender,2,126.96,0,253.92,253.92,North,Website,Credit Card,False
100445,2024-05-13,146,Sports,Yoga Mat,1,68.77,0,68.77,68.77,East,Website,Debit Card,False
100601,2024-05-13,769,Home & Kitchen,Non-Stick Pan Set,1,115.03,5,115.03,109.28,East,Mobile App,Credit Card,False
101890,2024-05-13,962,Sports,Dumbbell Set,1,27.67,0,27.67,27.67,West,Website,Digital Wallet,False
100913,2024-05-13,658,Fashion,Sunglasses,1,28.28,0,28.28,28.28,East,Mobile App,Credit Card,False
101913,2024-05-13,1075,Fashion,Running Shoes,1,19.29,5,19.29,18.33,North,Marketplace,Digital Wallet,False
100186,2024-05-15,473,Home & Kitchen,Coffee Maker,2,116.42,0,232.84,232.84,East,Website,Digital Wallet,False
100329,2024-05-15,44,Home & Kitchen,Air Fryer,2,121.65,10,243.3,218.97,South,Mobile App,Credit Card,False
101249,2024-05-15,1166,Electronics,Smart Watch,2,46.84,0,93.68,93.68,East,Mobile App,Credit Card,False
102214,2024-05-15,275,Home & Kitchen,Blender,2,49.08,0,98.16,98.16,North,Mobile App,Digital Wallet,False
100306,2024-05-16,690,Home & Kitchen,Coffee Maker,2,48.66,5,97.32,92.45,North,Mobile App,Digital Wallet,False
102857,2024-05-16,928,Electronics,Smart Watch,1,73.6,0,73.6,73.6,South,Mobile App,Digital Wallet,False
100194,2024-05-16,710,Sports,Yoga Mat,1,24.76,0,24.76,24.76,Central,Mobile App,Debit Card,False
102784,2024-05-16,1179,Sports,Yoga Mat,1,11.3,15,11.3,9.6,West,Mobile App,Credit Card,False
102176,2024-05-16,798,Fashion,Running Shoes,3,39.42,0,118.26,118.26,Central,Mobile App,Credit Card,False
101507,2024-05-16,1166,Electronics,Wireless Earbuds,1,91.94,0,91.94,91.94,South,Website,Credit Card,False
102806,2024-05-16,40,Home & Kitchen,Blender,1,35.25,5,35.25,33.49,South,Website,Debit Card,False
100769,2024-05-17,533,Home & Kitchen,Non-Stick Pan Set,1,134.3,15,134.3,114.16,East,Marketplace,Debit Card,False
101301,2024-05-17,1158,Beauty,Face Serum,1,30.82,0,30.82,30.82,East,Website,Credit Card,False
100641,2024-05-17,605,Fashion,Running Shoes,1,55.81,15,55.81,47.44,North,Website,Debit Card,False
100400,2024-05-17,907,Home & Kitchen,Non-Stick Pan Set,1,106.5,5,106.5,101.18,Central,Website,Credit Card,False
101418,2024-05-17,1085,Fashion,Running Shoes,1,71.53,0,71.53,71.53,Central,Website,Credit Card,False
100671,2024-05-17,333,Beauty,Shampoo Bar,2,49.86,0,99.72,99.72,Central,Website,Credit Card,False
100661,2024-05-17,56,Beauty,Shampoo Bar,1,29.59,0,29.59,29.59,South,Mobile App,Digital Wallet,False
100313,2024-05-18,1027,Fashion,Wool Sweater,1,46.61,0,46.61,46.61,West,Website,Credit Card,False
100819,2024-05-18,1093,Electronics,USB-C Charger,1,27.78,0,27.78,27.78,South,Website,Digital Wallet,False
102058,2024-05-18,893,Sports,Yoga Mat,1,15.71,5,15.71,14.92,South,Marketplace,Digital Wallet,False
101204,2024-05-18,793,Sports,Resistance Bands,1,59.53,10,59.53,53.58,West,Website,Credit Card,False
101992,2024-05-18,996,Sports,Resistance Bands,1,80.29,0,80.29,80.29,East,Mobile App,Credit Card,False
102581,2024-05-18,1001,Sports,Dumbbell Set,1,68.72,0,68.72,68.72,West,Mobile App,Credit Card,False
100782,2024-05-18,396,Fashion,Running Shoes,1,86.37,10,86.37,77.73,South,Website,Credit Card,False
101318,2024-05-19,1039,Electronics,Phone Case,2,110.4,0,220.8,220.8,North,Website,Cash on Delivery,False
100820,2024-05-19,1029,Beauty,Face Serum,1,41.51,10,41.51,37.36,South,Website,Digital Wallet,False
101397,2024-05-19,940,Electronics,Phone Case,3,159.03,0,477.09,477.09,South,Marketplace,Credit Card,False
101096,2024-05-19,307,Fashion,Wool Sweater,1,100.65,15,100.65,85.55,Central,Website,Digital Wallet,False
101812,2024-05-19,843,Electronics,Phone Case,1,117.77,0,117.77,117.77,North,Website,Digital Wallet,True
101560,2024-05-19,852,Electronics,Smart Watch,2,96.2,0,192.4,192.4,South,Website,Debit Card,True
100883,2024-05-20,546,Electronics,Bluetooth Speaker,1,41.63,0,41.63,41.63,West,Website,Digital Wallet,False
100085,2024-05-20,1168,Home & Kitchen,Blender,2,47.29,0,94.58,94.58,Central,Mobile App,Credit Card,False
102996,2024-05-20,811,Sports,Yoga Mat,1,30.94,0,30.94,30.94,East,Website,Credit Card,False
100436,2024-05-20,137,Electronics,Laptop Stand,1,36.9,5,36.9,35.06,East,Website,Digital Wallet,False
101451,2024-05-20,729,Fashion,Wool Sweater,1,65.88,0,65.88,65.88,North,Mobile App,Debit Card,False
100217,2024-05-21,856,Beauty,Body Lotion,1,14.7,10,14.7,13.23,East,Website,Credit Card,True
102817,2024-05-21,263,Electronics,Bluetooth Speaker,1,89.42,5,89.42,84.95,North,Website,Debit Card,False
101547,2024-05-21,186,Fashion,Sunglasses,1,89.02,5,89.02,84.57,East,Mobile App,Credit Card,False
102493,2024-05-21,642,Beauty,Makeup Brush Set,1,53.82,0,53.82,53.82,Central,Mobile App,Debit Card,False
100996,2024-05-21,878,Home & Kitchen,Coffee Maker,2,74.18,0,148.36,148.36,West,Website,Debit Card,False
101818,2024-05-21,269,Home & Kitchen,Air Fryer,1,59.0,0,59.0,59.0,West,Marketplace,Credit Card,False
100372,2024-05-22,875,Sports,Resistance Bands,1,57.69,0,57.69,57.69,North,Website,Credit Card,False
101225,2024-05-22,886,Fashion,Backpack,3,116.86,10,350.58,315.52,East,Website,Credit Card,False
101124,2024-05-22,78,Fashion,Wool Sweater,2,66.31,10,132.62,119.36,South,Website,Debit Card,False
100771,2024-05-23,18,Beauty,Face Serum,1,59.29,0,59.29,59.29,Central,Marketplace,Credit Card,False
100324,2024-05-23,718,Electronics,Laptop Stand,2,133.08,0,266.16,266.16,North,Mobile App,Credit Card,False
100455,2024-05-23,1031,Home & Kitchen,Blender,1,52.31,10,52.31,47.08,South,Mobile App,Cash on Delivery,False
101526,2024-05-24,1154,Electronics,Laptop Stand,1,85.8,20,85.8,68.64,West,Mobile App,Debit Card,False
100522,2024-05-24,1016,Beauty,Face Serum,1,17.82,15,17.82,15.15,East,Website,Digital Wallet,False
101846,2024-05-24,856,Beauty,Makeup Brush Set,2,49.31,20,98.62,78.9,East,Website,Digital Wallet,False
102848,2024-05-24,819,Electronics,Smart Watch,2,27.15,15,54.3,46.15,East,Website,Debit Card,False
100633,2024-05-24,585,Fashion,Wool Sweater,2,46.42,0,92.84,92.84,West,Marketplace,Credit Card,False
102480,2024-05-25,920,Home & Kitchen,Storage Containers,1,101.04,0,101.04,101.04,North,Mobile App,Credit Card,False
102153,2024-05-25,395,Sports,Water Bottle,1,16.99,0,16.99,16.99,South,Website,Debit Card,False
102010,2024-05-25,179,Sports,Dumbbell Set,1,76.61,0,76.61,76.61,East,Mobile App,Debit Card,False
101031,2024-05-25,937,Fashion,Backpack,2,102.67,10,205.34,184.81,South,Website,Credit Card,False
101895,2024-05-26,996,Electronics,Smart Watch,1,89.96,0,89.96,89.96,North,Website,Debit Card,False
101951,2024-05-26,92,Electronics,Phone Case,1,86.87,10,86.87,78.18,East,Mobile App,Digital Wallet,False
100727,2024-05-26,680,Sports,Yoga Mat,2,67.34,0,134.68,134.68,West,Mobile App,Debit Card,False
102942,2024-05-26,797,Sports,Water Bottle,2,74.76,5,149.52,142.04,North,Marketplace,Credit Card,False
101034,2024-05-26,204,Beauty,Makeup Brush Set,1,48.01,0,48.01,48.01,East,Website,Digital Wallet,False
102307,2024-05-26,323,Beauty,Makeup Brush Set,2,23.8,20,47.6,38.08,North,Website,Credit Card,False
102163,2024-05-27,453,Electronics,Smart Watch,1,53.1,0,53.1,53.1,East,Mobile App,Credit Card,False
102756,2024-05-27,923,Electronics,Laptop Stand,1,109.58,10,109.58,98.62,East,Mobile App,Debit Card,False
101074,2024-05-27,158,Home & Kitchen,Non-Stick Pan Set,1,118.27,0,118.27,118.27,Central,Website,Digital Wallet,False
102944,2024-05-27,1007,Beauty,Shampoo Bar,2,11.88,0,23.76,23.76,Central,Website,Digital Wallet,False
100365,2024-05-28,1143,Sports,Water Bottle,1,13.32,0,13.32,13.32,East,Website,Credit Card,False
102239,2024-05-28,1107,Sports,Dumbbell Set,1,31.19,0,31.19,31.19,West,Marketplace,Digital Wallet,False
101144,2024-05-28,118,Beauty,Body Lotion,1,20.43,20,20.43,16.34,East,Website,Cash on Delivery,True
102141,2024-05-28,900,Electronics,USB-C Charger,1,177.51,0,177.51,177.51,North,Website,Cash on Delivery,False
102426,2024-05-28,443,Beauty,Makeup Brush Set,3,11.99,0,35.97,35.97,West,Mobile App,Credit Card,False
101551,2024-05-29,327,Sports,Yoga Mat,1,17.92,0,17.92,17.92,North,Website,Digital Wallet,False
101615,2024-05-29,847,Fashion,Running Shoes,1,40.88,0,40.88,40.88,North,Mobile App,Credit Card,False
101123,2024-05-29,169,Fashion,Denim Jacket,1,87.24,0,87.24,87.24,North,Marketplace,Debit Card,False
100345,2024-05-29,519,Fashion,Wool Sweater,1,59.45,5,59.45,56.48,West,Website,Digital Wallet,False
100934,2024-05-29,548,Home & Kitchen,Non-Stick Pan Set,1,29.43,10,29.43,26.49,East,Mobile App,Credit Card,False
100534,2024-05-29,140,Electronics,Laptop Stand,1,60.7,10,60.7,54.63,North,Website,Credit Card,False
101457,2024-05-29,587,Fashion,Wool Sweater,1,112.81,5,112.81,107.17,West,Mobile App,Debit Card,False
102786,2024-05-30,761,Home & Kitchen,Storage Containers,1,67.01,0,67.01,67.01,East,Website,Credit Card,False
101793,2024-05-30,349,Fashion,Backpack,1,90.26,0,90.26,90.26,Central,Website,Cash on Delivery,False
102417,2024-05-30,921,Beauty,Makeup Brush Set,2,54.8,0,109.6,109.6,West,Mobile App,Debit Card,False
100897,2024-05-30,1005,Electronics,Wireless Earbuds,1,56.7,0,56.7,56.7,South,Mobile App,Debit Card,False
102031,2024-05-30,4,Fashion,Wool Sweater,1,54.56,0,54.56,54.56,North,Website,Debit Card,False
102757,2024-05-30,926,Electronics,Smart Watch,1,104.16,0,104.16,104.16,West,Website,Credit Card,False
102509,2024-05-31,775,Electronics,Bluetooth Speaker,2,67.74,0,135.48,135.48,South,Mobile App,Credit Card,False
100651,2024-05-31,401,Fashion,Backpack,2,104.71,0,209.42,209.42,West,Website,Cash on Delivery,False
101128,2024-05-31,910,Fashion,Running Shoes,1,94.6,10,94.6,85.14,South,Mobile App,Credit Card,False
102961,2024-05-31,820,Electronics,USB-C Charger,3,159.22,0,477.66,477.66,South,Website,Digital Wallet,False
100094,2024-06-01,610,Home & Kitchen,Non-Stick Pan Set,1,46.83,0,46.83,46.83,North,Website,Digital Wallet,False
102364,2024-06-01,788,Electronics,Smart Watch,2,125.92,0,251.84,251.84,South,Mobile App,Digital Wallet,False
100648,2024-06-01,468,Home & Kitchen,Storage Containers,2,44.69,0,89.38,89.38,Central,Website,Digital Wallet,False
102865,2024-06-01,1148,Electronics,Wireless Earbuds,1,59.93,10,59.93,53.94,West,Website,Credit Card,False
102162,2024-06-03,403,Home & Kitchen,Blender,1,138.96,0,138.96,138.96,North,Marketplace,Digital Wallet,False
100653,2024-06-03,858,Beauty,Face Serum,1,10.97,0,10.97,10.97,North,Website,Credit Card,False
102081,2024-06-03,840,Beauty,Body Lotion,1,23.93,0,23.93,23.93,East,Marketplace,Digital Wallet,False
102556,2024-06-03,220,Sports,Yoga Mat,2,58.97,0,117.94,117.94,Central,Website,Digital Wallet,False
102709,2024-06-04,711,Fashion,Backpack,1,87.45,0,87.45,87.45,West,Marketplace,Credit Card,False
101131,2024-06-04,308,Home & Kitchen,Non-Stick Pan Set,1,34.97,0,34.97,34.97,Central,Mobile App,Credit Card,False
101934,2024-06-05,1171,Electronics,USB-C Charger,2,100.87,0,201.74,201.74,North,Website,Credit Card,False
100259,2024-06-05,819,Sports,Yoga Mat,1,38.82,10,38.82,34.94,West,Mobile App,Cash on Delivery,False
102876,2024-06-06,596,Electronics,Smart Watch,3,64.93,0,194.79,194.79,West,Website,Debit Card,False
102586,2024-06-06,476,Electronics,Wireless Earbuds,1,42.2,0,42.2,42.2,West,Marketplace,Debit Card,False
100384,2024-06-07,798,Sports,Yoga Mat,1,76.92,0,76.92,76.92,South,Website,Credit Card,False
100152,2024-06-07,1196,Fashion,Running Shoes,1,74.57,20,74.57,59.66,West,Website,Digital Wallet,False
101066,2024-06-08,194,Electronics,Bluetooth Speaker,1,117.26,0,117.26,117.26,East,Website,Digital Wallet,False
100036,2024-06-08,1192,Sports,Dumbbell Set,1,64.17,0,64.17,64.17,Central,Mobile App,Cash on Delivery,False
102373,2024-06-08,1034,Home & Kitchen,Non-Stick Pan Set,1,51.57,0,51.57,51.57,North,Website,Debit Card,False
101009,2024-06-09,946,Fashion,Denim Jacket,3,91.14,0,273.42,273.42,Central,Mobile App,Digital Wallet,False
100276,2024-06-09,560,Electronics,Phone Case,2,147.94,0,295.88,295.88,North,Website,Cash on Delivery,False
101478,2024-06-09,729,Beauty,Makeup Brush Set,1,35.8,0,35.8,35.8,Central,Website,Digital Wallet,False
102978,2024-06-09,1030,Electronics,Smart Watch,2,74.81,20,149.62,119.7,West,Mobile App,Cash on Delivery,False
101214,2024-06-09,139,Beauty,Shampoo Bar,1,50.23,10,50.23,45.21,North,Website,Cash on Delivery,False
101514,2024-06-09,1118,Home & Kitchen,Air Fryer,1,43.1,0,43.1,43.1,North,Website,Debit Card,False
100981,2024-06-09,557,Electronics,Bluetooth Speaker,1,25.48,0,25.48,25.48,North,Mobile App,Digital Wallet,False
100856,2024-06-10,275,Home & Kitchen,Non-Stick Pan Set,1,89.83,0,89.83,89.83,Central,Mobile App,Cash on Delivery,True
102250,2024-06-10,871,Electronics,USB-C Charger,1,142.84,5,142.84,135.7,South,Mobile App,Credit Card,False
100225,2024-06-10,262,Home & Kitchen,Coffee Maker,1,85.81,0,85.81,85.81,North,Website,Credit Card,False
102623,2024-06-11,22,Sports,Water Bottle,1,65.91,5,65.91,62.61,South,Mobile App,Debit Card,False
101608,2024-06-11,444,Sports,Dumbbell Set,2,34.88,0,69.76,69.76,South,Website,Digital Wallet,False
100287,2024-06-12,581,Fashion,Denim Jacket,1,101.6,0,101.6,101.6,Central,Website,Debit Card,False
100626,2024-06-12,803,Home & Kitchen,Air Fryer,1,32.27,0,32.27,32.27,West,Marketplace,Digital Wallet,False
102634,2024-06-13,742,Beauty,Face Serum,4,54.63,0,218.52,218.52,South,Mobile App,Cash on Delivery,False
101872,2024-06-13,1079,Fashion,Sunglasses,3,38.57,10,115.71,104.14,East,Website,Debit Card,False
101165,2024-06-13,842,Electronics,Smart Watch,1,50.53,0,50.53,50.53,South,Mobile App,Cash on Delivery,False
100779,2024-06-14,879,Beauty,Shampoo Bar,2,36.58,0,73.16,73.16,East,Website,Credit Card,False
101256,2024-06-14,405,Home & Kitchen,Storage Containers,1,74.52,15,74.52,63.34,Central,Website,Credit Card,False
101525,2024-06-14,309,Fashion,Denim Jacket,1,54.3,5,54.3,51.58,North,Mobile App,Digital Wallet,False
102912,2024-06-14,860,Sports,Dumbbell Set,1,55.45,0,55.45,55.45,West,Website,Cash on Delivery,False
101795,2024-06-15,199,Fashion,Backpack,1,44.12,10,44.12,39.71,South,Website,Digital Wallet,False
102004,2024-06-15,270,Fashion,Running Shoes,1,47.82,5,47.82,45.43,West,Website,Digital Wallet,False
101936,2024-06-15,497,Fashion,Denim Jacket,1,18.1,10,18.1,16.29,East,Marketplace,Cash on Delivery,False
102148,2024-06-15,686,Electronics,USB-C Charger,1,107.07,0,107.07,107.07,West,Marketplace,Digital Wallet,False
102793,2024-06-15,784,Home & Kitchen,Storage Containers,1,129.39,5,129.39,122.92,East,Website,Digital Wallet,False
101245,2024-06-15,1055,Fashion,Backpack,1,61.81,10,61.81,55.63,North,Website,Debit Card,False
102640,2024-06-15,361,Home & Kitchen,Air Fryer,3,107.2,0,321.6,321.6,East,Website,Credit Card,False
101051,2024-06-15,1050,Beauty,Makeup Brush Set,1,54.53,5,54.53,51.8,West,Website,Debit Card,False
100484,2024-06-16,101,Fashion,Wool Sweater,2,72.4,0,144.8,144.8,Central,Marketplace,Digital Wallet,False
101008,2024-06-17,1181,Fashion,Wool Sweater,4,81.08,0,324.32,324.32,South,Marketplace,Cash on Delivery,False
100479,2024-06-17,518,Fashion,Backpack,1,101.72,15,101.72,86.46,North,Website,Credit Card,False
100180,2024-06-17,781,Sports,Water Bottle,3,13.36,10,40.08,36.07,West,Mobile App,Credit Card,False
102737,2024-06-17,1153,Home & Kitchen,Blender,3,83.16,0,249.48,249.48,West,Marketplace,Digital Wallet,False
100044,2024-06-18,500,Home & Kitchen,Blender,1,111.81,0,111.81,111.81,East,Mobile App,Digital Wallet,False
101351,2024-06-18,421,Electronics,Laptop Stand,1,46.01,0,46.01,46.01,East,Website,Credit Card,False
100756,2024-06-19,728,Beauty,Makeup Brush Set,1,50.01,0,50.01,50.01,Central,Website,Digital Wallet,False
102798,2024-06-19,988,Fashion,Running Shoes,1,79.21,0,79.21,79.21,West,Website,Credit Card,False
100924,2024-06-19,1180,Fashion,Running Shoes,1,49.09,0,49.09,49.09,East,Website,Digital Wallet,False
100280,2024-06-19,349,Electronics,Bluetooth Speaker,2,74.86,5,149.72,142.23,East,Website,Credit Card,False
102666,2024-06-19,94,Fashion,Running Shoes,1,22.52,0,22.52,22.52,West,Website,Debit Card,False
102680,2024-06-20,909,Fashion,Wool Sweater,1,104.7,0,104.7,104.7,West,Marketplace,Debit Card,False
102104,2024-06-20,806,Sports,Yoga Mat,2,37.75,0,75.5,75.5,North,Mobile App,Digital Wallet,False
101539,2024-06-21,522,Electronics,Smart Watch,1,100.93,5,100.93,95.88,West,Mobile App,Credit Card,False
102336,2024-06-21,19,Fashion,Backpack,2,75.41,0,150.82,150.82,East,Mobile App,Credit Card,False
101148,2024-06-21,911,Electronics,Bluetooth Speaker,1,143.13,0,143.13,143.13,North,Marketplace,Credit Card,False
102841,2024-06-21,750,Sports,Water Bottle,1,68.18,10,68.18,61.36,Central,Mobile App,Debit Card,True
102262,2024-06-21,218,Electronics,Phone Case,2,56.91,0,113.82,113.82,East,Website,Credit Card,False
102539,2024-06-22,575,Fashion,Denim Jacket,2,101.17,0,202.34,202.34,West,Website,Cash on Delivery,False
100972,2024-06-22,1010,Electronics,USB-C Charger,2,130.49,10,260.98,234.88,North,Website,Debit Card,False
102454,2024-06-22,262,Electronics,Wireless Earbuds,1,112.27,0,112.27,112.27,Central,Mobile App,Debit Card,False
102583,2024-06-22,1175,Sports,Water Bottle,4,32.05,0,128.2,128.2,North,Website,Credit Card,False
100261,2024-06-23,533,Electronics,USB-C Charger,1,160.7,0,160.7,160.7,East,Marketplace,Digital Wallet,False
101033,2024-06-23,432,Beauty,Face Serum,2,14.87,0,29.74,29.74,North,Website,Debit Card,False
100978,2024-06-23,830,Home & Kitchen,Non-Stick Pan Set,2,92.59,0,185.18,185.18,South,Marketplace,Debit Card,True
101343,2024-06-24,694,Fashion,Sunglasses,2,73.48,0,146.96,146.96,East,Marketplace,Credit Card,False
100567,2024-06-24,211,Fashion,Backpack,1,86.99,0,86.99,86.99,East,Mobile App,Credit Card,False
101106,2024-06-24,403,Fashion,Backpack,1,21.89,10,21.89,19.7,West,Website,Debit Card,True
100563,2024-06-24,1025,Fashion,Running Shoes,1,79.44,0,79.44,79.44,Central,Marketplace,Digital Wallet,False
100260,2024-06-25,632,Home & Kitchen,Non-Stick Pan Set,1,107.77,0,107.77,107.77,Central,Website,Debit Card,False
101004,2024-06-25,1118,Home & Kitchen,Coffee Maker,2,77.91,0,155.82,155.82,East,Website,Debit Card,False
102605,2024-06-25,95,Sports,Yoga Mat,1,78.48,0,78.48,78.48,South,Mobile App,Digital Wallet,False
102723,2024-06-25,90,Fashion,Denim Jacket,1,27.23,0,27.23,27.23,Central,Website,Digital Wallet,False
100508,2024-06-26,11,Beauty,Body Lotion,2,55.26,5,110.52,104.99,West,Mobile App,Debit Card,False
101272,2024-06-26,460,Electronics,Laptop Stand,1,136.25,0,136.25,136.25,South,Mobile App,Cash on Delivery,True
102973,2024-06-26,272,Fashion,Denim Jacket,1,44.74,0,44.74,44.74,East,Website,Cash on Delivery,False
102922,2024-06-26,365,Electronics,Phone Case,2,74.26,0,148.52,148.52,East,Mobile App,Credit Card,False
101697,2024-06-26,259,Sports,Water Bottle,1,61.05,0,61.05,61.05,East,Website,Debit Card,False
102940,2024-06-26,743,Home & Kitchen,Storage Containers,1,86.62,0,86.62,86.62,East,Marketplace,Digital Wallet,False
102008,2024-06-26,1028,Electronics,Wireless Earbuds,1,39.54,0,39.54,39.54,East,Mobile App,Debit Card,False
102717,2024-06-27,1064,Fashion,Wool Sweater,1,82.49,0,82.49,82.49,North,Website,Debit Card,False
100083,2024-06-27,666,Electronics,Wireless Earbuds,1,102.25,15,102.25,86.91,North,Mobile App,Credit Card,True
101263,2024-06-27,1116,Home & Kitchen,Coffee Maker,1,144.38,0,144.38,144.38,West,Mobile App,Credit Card,False
101535,2024-06-27,877,Fashion,Sunglasses,2,103.47,5,206.94,196.59,Central,Mobile App,Digital Wallet,False
102804,2024-06-28,637,Beauty,Shampoo Bar,1,37.7,10,37.7,33.93,East,Website,Debit Card,False
101503,2024-06-28,1001,Electronics,USB-C Charger,2,79.09,0,158.18,158.18,West,Website,Credit Card,False
101775,2024-06-28,946,Fashion,Backpack,1,59.68,0,59.68,59.68,East,Website,Credit Card,False
101076,2024-06-28,1139,Fashion,Sunglasses,1,58.24,0,58.24,58.24,Central,Website,Credit Card,False
102809,2024-06-29,317,Sports,Yoga Mat,1,74.6,0,74.6,74.6,West,Website,Credit Card,False
101155,2024-06-29,181,Home & Kitchen,Storage Containers,1,126.88,0,126.88,126.88,East,Mobile App,Credit Card,False
101007,2024-06-29,112,Sports,Water Bottle,1,26.12,0,26.12,26.12,East,Website,Digital Wallet,False
100512,2024-06-29,221,Home & Kitchen,Coffee Maker,3,119.49,0,358.47,358.47,North,Website,Credit Card,False
100352,2024-06-29,831,Home & Kitchen,Coffee Maker,1,44.79,0,44.79,44.79,West,Mobile App,Digital Wallet,False
100847,2024-06-29,732,Fashion,Sunglasses,1,65.95,15,65.95,56.06,Central,Website,Credit Card,False
100288,2024-06-29,1109,Beauty,Face Serum,1,38.7,0,38.7,38.7,North,Marketplace,Credit Card,False
102610,2024-06-29,1086,Home & Kitchen,Non-Stick Pan Set,1,40.25,0,40.25,40.25,South,Website,Digital Wallet,False
102745,2024-06-29,102,Fashion,Running Shoes,1,17.92,0,17.92,17.92,South,Mobile App,Credit Card,False
102842,2024-06-30,1197,Home & Kitchen,Coffee Maker,1,104.85,0,104.85,104.85,East,Mobile App,Debit Card,False
101215,2024-06-30,331,Fashion,Denim Jacket,1,71.4,10,71.4,64.26,South,Website,Debit Card,False
100447,2024-06-30,21,Sports,Yoga Mat,1,36.19,0,36.19,36.19,South,Website,Debit Card,False
101237,2024-06-30,159,Electronics,USB-C Charger,2,57.32,15,114.64,97.44,East,Website,Debit Card,False
102465,2024-07-01,314,Home & Kitchen,Blender,2,139.86,0,279.72,279.72,North,Website,Credit Card,False
102827,2024-07-01,174,Fashion,Denim Jacket,2,73.53,0,147.06,147.06,North,Website,Digital Wallet,False
101529,2024-07-01,772,Beauty,Face Serum,1,35.42,10,35.42,31.88,North,Website,Credit Card,False
102729,2024-07-01,711,Home & Kitchen,Storage Containers,1,115.11,0,115.11,115.11,West,Mobile App,Debit Card,False
100059,2024-07-01,93,Fashion,Backpack,1,29.58,0,29.58,29.58,North,Marketplace,Debit Card,False
100172,2024-07-01,1037,Home & Kitchen,Blender,2,74.42,0,148.84,148.84,South,Website,Debit Card,True
100764,2024-07-01,602,Home & Kitchen,Non-Stick Pan Set,1,88.57,0,88.57,88.57,South,Website,Digital Wallet,False
102789,2024-07-02,314,Electronics,Bluetooth Speaker,1,25.18,15,25.18,21.4,West,Mobile App,Digital Wallet,False
100734,2024-07-02,467,Fashion,Running Shoes,1,63.31,0,63.31,63.31,West,Mobile App,Debit Card,False
100526,2024-07-02,211,Sports,Water Bottle,1,41.43,0,41.43,41.43,North,Website,Digital Wallet,False
102653,2024-07-02,639,Home & Kitchen,Non-Stick Pan Set,1,144.93,10,144.93,130.44,Central,Marketplace,Digital Wallet,False
102850,2024-07-02,947,Sports,Resistance Bands,1,68.89,10,68.89,62.0,South,Website,Debit Card,False
102448,2024-07-02,746,Fashion,Wool Sweater,1,100.07,5,100.07,95.07,West,Website,Credit Card,False
101632,2024-07-02,153,Electronics,Phone Case,1,134.28,0,134.28,134.28,East,Website,Credit Card,False
101720,2024-07-03,133,Fashion,Denim Jacket,1,68.08,0,68.08,68.08,North,Website,Cash on Delivery,False
100367,2024-07-04,460,Electronics,Smart Watch,1,37.24,0,37.24,37.24,South,Marketplace,Debit Card,False
101316,2024-07-04,330,Fashion,Running Shoes,2,33.83,15,67.66,57.51,North,Website,Credit Card,False
101905,2024-07-05,1190,Home & Kitchen,Blender,1,112.0,10,112.0,100.8,Central,Mobile App,Credit Card,False
101581,2024-07-05,160,Electronics,Wireless Earbuds,1,178.14,0,178.14,178.14,South,Marketplace,Debit Card,False
100425,2024-07-05,1090,Home & Kitchen,Storage Containers,3,30.48,10,91.44,82.3,North,Mobile App,Credit Card,False
100383,2024-07-05,792,Electronics,Smart Watch,1,49.22,0,49.22,49.22,South,Mobile App,Credit Card,False
100355,2024-07-06,220,Home & Kitchen,Non-Stick Pan Set,3,146.13,5,438.39,416.47,East,Website,Debit Card,False
100547,2024-07-07,988,Electronics,Bluetooth Speaker,1,121.34,0,121.34,121.34,Central,Website,Credit Card,False
102752,2024-07-07,556,Sports,Dumbbell Set,1,88.94,10,88.94,80.05,North,Website,Digital Wallet,False
100411,2024-07-08,837,Fashion,Wool Sweater,1,115.55,0,115.55,115.55,North,Website,Digital Wallet,False
102928,2024-07-08,193,Home & Kitchen,Storage Containers,2,47.97,5,95.94,91.14,East,Website,Cash on Delivery,False
100615,2024-07-08,835,Home & Kitchen,Storage Containers,4,35.78,10,143.12,128.81,North,Mobile App,Cash on Delivery,False
101774,2024-07-08,1079,Sports,Water Bottle,1,77.94,0,77.94,77.94,Central,Mobile App,Debit Card,False
100170,2024-07-08,820,Electronics,Laptop Stand,1,120.8,0,120.8,120.8,Central,Mobile App,Credit Card,False
100363,2024-07-08,506,Fashion,Backpack,1,99.15,10,99.15,89.24,East,Mobile App,Credit Card,False
101285,2024-07-09,405,Electronics,Wireless Earbuds,1,81.06,5,81.06,77.01,East,Website,Debit Card,False
100789,2024-07-09,194,Beauty,Face Serum,2,49.19,5,98.38,93.46,Central,Website,Credit Card,False
102489,2024-07-09,230,Home & Kitchen,Blender,1,89.96,5,89.96,85.46,Central,Website,Digital Wallet,False
100997,2024-07-09,694,Fashion,Running Shoes,1,46.77,0,46.77,46.77,South,Mobile App,Debit Card,False
102000,2024-07-09,886,Fashion,Running Shoes,1,33.76,0,33.76,33.76,South,Mobile App,Credit Card,False
102224,2024-07-09,599,Home & Kitchen,Storage Containers,1,43.88,0,43.88,43.88,East,Website,Digital Wallet,False
101032,2024-07-09,974,Home & Kitchen,Storage Containers,2,146.62,0,293.24,293.24,North,Website,Credit Card,False
100118,2024-07-10,687,Fashion,Running Shoes,1,76.13,5,76.13,72.32,East,Marketplace,Cash on Delivery,False
101696,2024-07-10,900,Home & Kitchen,Air Fryer,1,115.26,0,115.26,115.26,South,Mobile App,Digital Wallet,False
100351,2024-07-10,825,Fashion,Backpack,1,15.33,10,15.33,13.8,North,Mobile App,Credit Card,False
102134,2024-07-10,960,Sports,Dumbbell Set,1,48.7,5,48.7,46.26,South,Website,Digital Wallet,False
102246,2024-07-11,651,Beauty,Face Serum,1,34.83,0,34.83,34.83,East,Mobile App,Credit Card,False
100525,2024-07-11,684,Fashion,Denim Jacket,1,75.75,0,75.75,75.75,Central,Mobile App,Credit Card,False
100470,2024-07-11,691,Sports,Yoga Mat,1,78.6,5,78.6,74.67,North,Website,Debit Card,True
100413,2024-07-11,188,Home & Kitchen,Storage Containers,1,59.75,5,59.75,56.76,Central,Mobile App,Credit Card,False
101337,2024-07-11,249,Home & Kitchen,Blender,1,98.78,0,98.78,98.78,Central,Website,Credit Card,False
102527,2024-07-11,451,Fashion,Wool Sweater,1,32.62,10,32.62,29.36,South,Mobile App,Debit Card,False
101058,2024-07-11,289,Electronics,Laptop Stand,1,162.61,0,162.61,162.61,West,Mobile App,Debit Card,False
102351,2024-07-12,549,Electronics,Bluetooth Speaker,1,153.72,0,153.72,153.72,Central,Website,Digital Wallet,False
101328,2024-07-12,1084,Electronics,Wireless Earbuds,1,50.45,0,50.45,50.45,Central,Mobile App,Cash on Delivery,False
101162,2024-07-13,216,Home & Kitchen,Blender,1,81.98,0,81.98,81.98,North,Website,Credit Card,False
101260,2024-07-13,657,Electronics,USB-C Charger,1,177.28,0,177.28,177.28,South,Website,Debit Card,False
100729,2024-07-13,242,Home & Kitchen,Storage Containers,1,96.55,0,96.55,96.55,South,Mobile App,Debit Card,False
101458,2024-07-13,16,Electronics,Phone Case,1,59.75,0,59.75,59.75,Central,Mobile App,Digital Wallet,False
100321,2024-07-13,205,Fashion,Denim Jacket,1,33.03,0,33.03,33.03,North,Mobile App,Debit Card,False
102966,2024-07-14,1101,Home & Kitchen,Storage Containers,1,44.93,15,44.93,38.19,East,Mobile App,Debit Card,False
101481,2024-07-14,745,Home & Kitchen,Storage Containers,1,99.87,15,99.87,84.89,West,Website,Cash on Delivery,False
100076,2024-07-14,216,Fashion,Denim Jacket,2,66.87,0,133.74,133.74,Central,Website,Digital Wallet,False
101341,2024-07-14,816,Beauty,Makeup Brush Set,1,44.66,0,44.66,44.66,East,Mobile App,Debit Card,False
101243,2024-07-14,1184,Beauty,Face Serum,1,10.71,5,10.71,10.17,South,Website,Digital Wallet,False
102036,2024-07-14,375,Electronics,Bluetooth Speaker,1,57.47,10,57.47,51.72,South,Mobile App,Credit Card,False
101138,2024-07-14,527,Fashion,Running Shoes,2,74.46,10,148.92,134.03,West,Mobile App,Debit Card,False
102747,2024-07-14,140,Home & Kitchen,Non-Stick Pan Set,1,82.96,5,82.96,78.81,South,Mobile App,Digital Wallet,False
102630,2024-07-14,788,Electronics,Laptop Stand,2,72.87,5,145.74,138.45,West,Mobile App,Credit Card,False
100529,2024-07-14,209,Fashion,Wool Sweater,4,69.09,5,276.36,262.54,North,Marketplace,Digital Wallet,False
102244,2024-07-14,945,Fashion,Wool Sweater,2,33.76,0,67.52,67.52,North,Website,Digital Wallet,False
102421,2024-07-15,491,Home & Kitchen,Blender,1,32.73,0,32.73,32.73,Central,Mobile App,Digital Wallet,False
101362,2024-07-15,213,Fashion,Wool Sweater,2,29.22,15,58.44,49.67,Central,Mobile App,Cash on Delivery,False
101228,2024-07-15,1004,Home & Kitchen,Non-Stick Pan Set,1,110.96,5,110.96,105.41,West,Marketplace,Digital Wallet,False
101190,2024-07-15,1160,Electronics,Bluetooth Speaker,1,164.49,0,164.49,164.49,South,Website,Cash on Delivery,False
102601,2024-07-16,110,Sports,Dumbbell Set,1,13.73,15,13.73,11.67,West,Website,Credit Card,False
100576,2024-07-16,597,Beauty,Shampoo Bar,2,54.33,5,108.66,103.23,East,Mobile App,Debit Card,False
102292,2024-07-17,491,Fashion,Sunglasses,2,73.56,0,147.12,147.12,Central,Mobile App,Cash on Delivery,False
101620,2024-07-17,218,Electronics,Smart Watch,1,151.42,0,151.42,151.42,East,Website,Debit Card,False
102891,2024-07-17,395,Fashion,Denim Jacket,1,62.75,15,62.75,53.34,South,Website,Debit Card,False
102291,2024-07-18,1153,Electronics,Laptop Stand,1,162.89,0,162.89,162.89,South,Mobile App,Credit Card,False
102579,2024-07-18,881,Electronics,Phone Case,3,134.13,10,402.39,362.15,East,Website,Credit Card,False
101864,2024-07-18,59,Electronics,USB-C Charger,1,132.14,15,132.14,112.32,South,Website,Digital Wallet,False
100177,2024-07-18,366,Electronics,Phone Case,2,127.15,0,254.3,254.3,North,Marketplace,Digital Wallet,False
102884,2024-07-18,110,Electronics,Phone Case,1,155.52,0,155.52,155.52,Central,Mobile App,Digital Wallet,False
100017,2024-07-19,864,Home & Kitchen,Storage Containers,1,131.59,0,131.59,131.59,South,Mobile App,Credit Card,False
101102,2024-07-19,367,Electronics,Phone Case,1,55.91,0,55.91,55.91,South,Mobile App,Cash on Delivery,False
101270,2024-07-19,846,Beauty,Makeup Brush Set,1,51.62,0,51.62,51.62,Central,Marketplace,Credit Card,False
102110,2024-07-19,333,Electronics,Phone Case,2,58.0,0,116.0,116.0,West,Website,Debit Card,False
102152,2024-07-19,117,Fashion,Wool Sweater,3,33.95,0,101.85,101.85,North,Website,Digital Wallet,False
100301,2024-07-20,1019,Electronics,Smart Watch,4,109.91,0,439.64,439.64,South,Mobile App,Debit Card,False
102037,2024-07-20,638,Electronics,Phone Case,1,94.62,0,94.62,94.62,North,Mobile App,Credit Card,False
102766,2024-07-20,184,Beauty,Body Lotion,1,15.69,20,15.69,12.55,Central,Website,Credit Card,False
101727,2024-07-20,213,Beauty,Shampoo Bar,2,13.08,20,26.16,20.93,South,Website,Credit Card,False
100374,2024-07-21,585,Beauty,Face Serum,1,13.13,0,13.13,13.13,East,Marketplace,Credit Card,False
102142,2024-07-21,897,Electronics,Laptop Stand,1,116.56,5,116.56,110.73,North,Website,Credit Card,False
101104,2024-07-21,31,Beauty,Body Lotion,1,56.94,0,56.94,56.94,North,Mobile App,Cash on Delivery,False
102212,2024-07-22,958,Home & Kitchen,Storage Containers,4,132.8,20,531.2,424.96,South,Mobile App,Credit Card,False
100750,2024-07-22,1049,Electronics,USB-C Charger,2,137.36,0,274.72,274.72,East,Mobile App,Credit Card,False
100034,2024-07-22,1124,Electronics,Bluetooth Speaker,1,101.2,0,101.2,101.2,Central,Website,Debit Card,False
100507,2024-07-22,1193,Electronics,Smart Watch,1,143.78,10,143.78,129.4,Central,Website,Digital Wallet,False
100640,2024-07-22,689,Electronics,Phone Case,1,122.63,0,122.63,122.63,South,Mobile App,Digital Wallet,False
100257,2024-07-23,873,Sports,Dumbbell Set,1,31.71,0,31.71,31.71,South,Mobile App,Digital Wallet,False
100980,2024-07-23,927,Beauty,Body Lotion,1,35.14,0,35.14,35.14,West,Mobile App,Digital Wallet,False
102382,2024-07-24,26,Home & Kitchen,Blender,1,88.63,10,88.63,79.77,North,Mobile App,Debit Card,False
101344,2024-07-24,391,Electronics,Bluetooth Speaker,1,160.83,0,160.83,160.83,Central,Mobile App,Digital Wallet,False
102516,2024-07-25,578,Sports,Water Bottle,1,47.91,0,47.91,47.91,West,Website,Digital Wallet,False
102578,2024-07-25,1130,Sports,Water Bottle,1,65.67,0,65.67,65.67,Central,Marketplace,Credit Card,False
101933,2024-07-25,204,Fashion,Wool Sweater,1,71.16,0,71.16,71.16,East,Mobile App,Credit Card,False
100473,2024-07-25,820,Beauty,Shampoo Bar,1,45.33,0,45.33,45.33,South,Marketplace,Credit Card,False
101250,2024-07-25,1049,Fashion,Denim Jacket,2,111.17,0,222.34,222.34,West,Mobile App,Credit Card,False
102833,2024-07-25,654,Fashion,Sunglasses,1,89.5,0,89.5,89.5,East,Website,Credit Card,False
101100,2024-07-25,86,Electronics,USB-C Charger,3,32.38,0,97.14,97.14,West,Website,Debit Card,False
101578,2024-07-26,32,Sports,Dumbbell Set,2,77.28,0,154.56,154.56,North,Marketplace,Credit Card,False
100020,2024-07-26,254,Sports,Dumbbell Set,2,42.36,10,84.72,76.25,North,Website,Digital Wallet,True
101602,2024-07-27,167,Electronics,Wireless Earbuds,1,165.8,5,165.8,157.51,East,Mobile App,Credit Card,False
101965,2024-07-27,571,Sports,Dumbbell Set,1,70.0,10,70.0,63.0,Central,Marketplace,Debit Card,False
102563,2024-07-28,198,Electronics,Phone Case,1,157.18,0,157.18,157.18,South,Mobile App,Digital Wallet,False
100927,2024-07-28,67,Electronics,Wireless Earbuds,4,52.63,5,210.52,199.99,South,Website,Digital Wallet,False
100079,2024-07-28,1130,Fashion,Sunglasses,1,77.26,15,77.26,65.67,Central,Marketplace,Digital Wallet,False
100635,2024-07-28,604,Home & Kitchen,Coffee Maker,1,54.88,5,54.88,52.14,East,Website,Debit Card,False
101719,2024-07-28,1024,Electronics,Laptop Stand,1,33.43,0,33.43,33.43,North,Mobile App,Debit Card,False
100477,2024-07-29,548,Home & Kitchen,Storage Containers,3,44.17,0,132.51,132.51,West,Marketplace,Digital Wallet,False
102614,2024-07-30,1031,Beauty,Body Lotion,1,51.33,0,51.33,51.33,East,Mobile App,Digital Wallet,False
101342,2024-07-30,608,Fashion,Sunglasses,1,52.31,0,52.31,52.31,North,Mobile App,Debit Card,False
102926,2024-07-30,808,Home & Kitchen,Blender,3,55.11,0,165.33,165.33,South,Mobile App,Debit Card,False
102651,2024-07-31,524,Fashion,Wool Sweater,1,106.05,0,106.05,106.05,Central,Marketplace,Credit Card,False
100928,2024-07-31,1112,Sports,Yoga Mat,1,67.58,5,67.58,64.2,North,Mobile App,Debit Card,False
101837,2024-07-31,487,Home & Kitchen,Blender,1,100.35,0,100.35,100.35,East,Marketplace,Credit Card,False
101369,2024-07-31,543,Sports,Water Bottle,1,23.85,0,23.85,23.85,South,Mobile App,Debit Card,True
101787,2024-08-01,1024,Home & Kitchen,Air Fryer,1,55.93,5,55.93,53.13,North,Marketplace,Credit Card,False
101025,2024-08-01,5,Beauty,Face Serum,2,9.0,0,18.0,18.0,Central,Marketplace,Digital Wallet,False
102322,2024-08-01,107,Home & Kitchen,Blender,2,128.42,15,256.84,218.31,West,Website,Debit Card,False
101920,2024-08-01,949,Electronics,Phone Case,2,81.04,5,162.08,153.98,Central,Mobile App,Digital Wallet,False
101642,2024-08-01,990,Electronics,USB-C Charger,1,156.99,0,156.99,156.99,Central,Website,Debit Card,False
100126,2024-08-01,242,Beauty,Face Serum,4,20.59,0,82.36,82.36,West,Mobile App,Debit Card,False
102933,2024-08-01,727,Electronics,USB-C Charger,2,177.71,0,355.42,355.42,North,Website,Credit Card,False
102568,2024-08-02,860,Fashion,Sunglasses,2,63.87,10,127.74,114.97,West,Mobile App,Credit Card,False
100482,2024-08-02,344,Home & Kitchen,Air Fryer,1,61.09,5,61.09,58.04,East,Website,Credit Card,False
101857,2024-08-02,342,Sports,Yoga Mat,2,36.57,5,73.14,69.48,South,Website,Credit Card,False
101466,2024-08-03,478,Fashion,Wool Sweater,1,21.9,0,21.9,21.9,Central,Marketplace,Debit Card,False
100499,2024-08-03,378,Home & Kitchen,Coffee Maker,2,62.62,0,125.24,125.24,West,Website,Digital Wallet,False
100141,2024-08-03,151,Fashion,Denim Jacket,4,48.93,0,195.72,195.72,East,Mobile App,Digital Wallet,True
100888,2024-08-04,931,Beauty,Shampoo Bar,1,36.78,5,36.78,34.94,East,Marketplace,Digital Wallet,False
100380,2024-08-04,526,Fashion,Wool Sweater,1,47.74,5,47.74,45.35,South,Marketplace,Debit Card,False
100010,2024-08-05,864,Electronics,Smart Watch,1,101.54,0,101.54,101.54,South,Website,Credit Card,False
100271,2024-08-05,233,Fashion,Running Shoes,1,40.11,5,40.11,38.1,East,Marketplace,Credit Card,False
102432,2024-08-05,403,Sports,Water Bottle,1,69.91,5,69.91,66.41,West,Website,Credit Card,False
102523,2024-08-05,367,Home & Kitchen,Blender,2,149.07,0,298.14,298.14,South,Marketplace,Debit Card,False
102293,2024-08-05,1047,Home & Kitchen,Air Fryer,1,86.53,0,86.53,86.53,West,Mobile App,Digital Wallet,False
101299,2024-08-05,905,Electronics,Phone Case,2,122.35,0,244.7,244.7,Central,Website,Credit Card,False
102418,2024-08-06,1022,Home & Kitchen,Storage Containers,1,136.33,0,136.33,136.33,South,Website,Debit Card,False
102416,2024-08-06,778,Electronics,Laptop Stand,1,164.0,5,164.0,155.8,South,Marketplace,Digital Wallet,False
101590,2024-08-07,70,Electronics,Laptop Stand,1,177.96,0,177.96,177.96,East,Marketplace,Debit Card,False
102155,2024-08-07,32,Electronics,Wireless Earbuds,1,141.26,0,141.26,141.26,Central,Marketplace,Credit Card,False
102661,2024-08-07,426,Beauty,Makeup Brush Set,1,19.36,15,19.36,16.46,South,Marketplace,Debit Card,False
102423,2024-08-08,823,Sports,Resistance Bands,4,24.08,0,96.32,96.32,South,Mobile App,Cash on Delivery,False
102629,2024-08-08,940,Fashion,Backpack,1,106.42,0,106.42,106.42,East,Mobile App,Digital Wallet,False
100523,2024-08-08,92,Beauty,Body Lotion,1,32.8,15,32.8,27.88,North,Mobile App,Debit Card,False
102352,2024-08-08,643,Home & Kitchen,Storage Containers,2,55.77,20,111.54,89.23,East,Mobile App,Digital Wallet,False
100923,2024-08-08,131,Fashion,Wool Sweater,1,76.97,0,76.97,76.97,Central,Marketplace,Debit Card,False
102314,2024-08-09,362,Beauty,Body Lotion,1,58.06,5,58.06,55.16,West,Mobile App,Debit Card,False
101132,2024-08-09,332,Beauty,Face Serum,1,45.59,20,45.59,36.47,Central,Mobile App,Debit Card,False
101409,2024-08-09,633,Sports,Dumbbell Set,1,77.66,0,77.66,77.66,South,Website,Credit Card,False
100426,2024-08-09,390,Home & Kitchen,Air Fryer,3,56.02,0,168.06,168.06,South,Marketplace,Credit Card,False
102879,2024-08-09,952,Electronics,Bluetooth Speaker,1,29.9,0,29.9,29.9,Central,Website,Credit Card,False
101486,2024-08-10,392,Electronics,Bluetooth Speaker,1,172.39,5,172.39,163.77,North,Marketplace,Cash on Delivery,False
101042,2024-08-10,703,Sports,Dumbbell Set,1,10.71,15,10.71,9.1,Central,Marketplace,Debit Card,False
102890,2024-08-10,679,Electronics,Bluetooth Speaker,1,53.28,0,53.28,53.28,Central,Mobile App,Credit Card,False
101838,2024-08-10,519,Sports,Water Bottle,1,66.52,0,66.52,66.52,North,Website,Credit Card,False
100035,2024-08-10,258,Electronics,Phone Case,2,102.99,5,205.98,195.68,West,Mobile App,Cash on Delivery,True
101434,2024-08-11,611,Home & Kitchen,Coffee Maker,1,96.83,5,96.83,91.99,Central,Marketplace,Digital Wallet,False
101255,2024-08-11,1027,Beauty,Body Lotion,1,58.68,0,58.68,58.68,South,Mobile App,Debit Card,False
100548,2024-08-11,1016,Fashion,Backpack,1,92.27,5,92.27,87.66,East,Website,Debit Card,False
102598,2024-08-11,34,Sports,Water Bottle,1,37.1,5,37.1,35.24,South,Website,Debit Card,False
102321,2024-08-12,267,Fashion,Sunglasses,1,76.71,0,76.71,76.71,West,Mobile App,Credit Card,False
100642,2024-08-12,595,Sports,Dumbbell Set,1,10.8,10,10.8,9.72,West,Mobile App,Credit Card,False
102131,2024-08-12,225,Sports,Dumbbell Set,1,18.35,0,18.35,18.35,Central,Mobile App,Digital Wallet,False
102783,2024-08-13,841,Beauty,Makeup Brush Set,1,23.87,0,23.87,23.87,North,Website,Cash on Delivery,False
102562,2024-08-13,901,Home & Kitchen,Non-Stick Pan Set,1,41.83,5,41.83,39.74,Central,Mobile App,Debit Card,False
100602,2024-08-13,618,Fashion,Wool Sweater,1,104.52,10,104.52,94.07,South,Website,Credit Card,False
101521,2024-08-13,569,Sports,Resistance Bands,3,53.72,0,161.16,161.16,South,Website,Credit Card,False
101516,2024-08-13,333,Electronics,Laptop Stand,2,35.68,0,71.36,71.36,North,Website,Digital Wallet,False
101643,2024-08-13,115,Home & Kitchen,Storage Containers,2,114.9,5,229.8,218.31,East,Marketplace,Debit Card,False
101188,2024-08-14,946,Sports,Dumbbell Set,1,25.15,0,25.15,25.15,South,Mobile App,Debit Card,False
101638,2024-08-14,130,Electronics,Phone Case,2,47.58,5,95.16,90.4,East,Mobile App,Debit Card,False
102468,2024-08-14,732,Sports,Water Bottle,2,16.5,0,33.0,33.0,West,Mobile App,Cash on Delivery,True
101241,2024-08-14,1002,Home & Kitchen,Non-Stick Pan Set,1,51.24,15,51.24,43.55,North,Website,Credit Card,True
102807,2024-08-14,180,Beauty,Body Lotion,1,51.29,5,51.29,48.73,Central,Mobile App,Debit Card,False
100801,2024-08-15,19,Beauty,Face Serum,1,43.61,10,43.61,39.25,South,Mobile App,Debit Card,False
101501,2024-08-15,446,Home & Kitchen,Air Fryer,1,58.37,0,58.37,58.37,East,Website,Debit Card,False
101311,2024-08-15,1005,Home & Kitchen,Blender,1,51.92,10,51.92,46.73,Central,Website,Debit Card,False
102847,2024-08-15,1031,Home & Kitchen,Blender,1,91.77,0,91.77,91.77,Central,Website,Cash on Delivery,False
101991,2024-08-15,658,Beauty,Body Lotion,1,40.01,15,40.01,34.01,Central,Website,Debit Card,False
101831,2024-08-15,515,Sports,Resistance Bands,1,53.45,5,53.45,50.78,East,Mobile App,Cash on Delivery,False
100884,2024-08-15,506,Home & Kitchen,Blender,2,60.87,0,121.74,121.74,East,Mobile App,Cash on Delivery,False
102997,2024-08-15,291,Beauty,Body Lotion,1,31.18,0,31.18,31.18,Central,Mobile App,Digital Wallet,False
100065,2024-08-15,315,Fashion,Denim Jacket,1,73.56,0,73.56,73.56,South,Website,Credit Card,False
101161,2024-08-16,1038,Beauty,Face Serum,1,46.45,0,46.45,46.45,North,Mobile App,Credit Card,False
100696,2024-08-16,628,Beauty,Face Serum,1,48.77,5,48.77,46.33,South,Marketplace,Credit Card,False
100795,2024-08-16,1036,Fashion,Backpack,2,64.52,0,129.04,129.04,East,Website,Cash on Delivery,False
100048,2024-08-16,656,Electronics,Phone Case,1,175.24,5,175.24,166.48,North,Mobile App,Debit Card,False
100159,2024-08-17,354,Fashion,Backpack,1,70.96,0,70.96,70.96,South,Marketplace,Digital Wallet,False
102492,2024-08-17,975,Electronics,Wireless Earbuds,1,147.37,0,147.37,147.37,North,Marketplace,Digital Wallet,False
102558,2024-08-17,69,Electronics,Wireless Earbuds,2,166.42,0,332.84,332.84,Central,Website,Credit Card,False
102873,2024-08-17,41,Home & Kitchen,Blender,3,143.41,0,430.23,430.23,North,Mobile App,Debit Card,False
102128,2024-08-17,529,Home & Kitchen,Storage Containers,3,23.41,5,70.23,66.72,South,Mobile App,Debit Card,False
102107,2024-08-18,837,Fashion,Sunglasses,1,47.63,0,47.63,47.63,North,Mobile App,Digital Wallet,False
102693,2024-08-19,667,Home & Kitchen,Coffee Maker,1,31.63,5,31.63,30.05,Central,Website,Credit Card,False
101648,2024-08-19,117,Fashion,Wool Sweater,2,70.48,0,140.96,140.96,West,Mobile App,Digital Wallet,False
100603,2024-08-19,1061,Electronics,Bluetooth Speaker,3,55.38,20,166.14,132.91,North,Website,Credit Card,False
102413,2024-08-19,853,Electronics,Laptop Stand,2,48.67,0,97.34,97.34,West,Website,Credit Card,False
100183,2024-08-20,662,Fashion,Wool Sweater,1,94.28,10,94.28,84.85,West,Website,Credit Card,False
100776,2024-08-20,503,Electronics,Laptop Stand,1,70.84,0,70.84,70.84,Central,Mobile App,Digital Wallet,False
100835,2024-08-21,856,Electronics,Smart Watch,4,65.51,0,262.04,262.04,North,Mobile App,Digital Wallet,False
101579,2024-08-21,147,Sports,Resistance Bands,1,14.27,0,14.27,14.27,West,Website,Credit Card,False
100878,2024-08-21,556,Sports,Water Bottle,1,27.14,0,27.14,27.14,North,Marketplace,Debit Card,False
101540,2024-08-21,1177,Fashion,Backpack,1,57.3,0,57.3,57.3,Central,Mobile App,Credit Card,False
100826,2024-08-22,421,Sports,Yoga Mat,1,14.13,10,14.13,12.72,North,Website,Credit Card,False
102644,2024-08-22,313,Home & Kitchen,Air Fryer,1,124.31,0,124.31,124.31,South,Mobile App,Credit Card,False
102368,2024-08-23,1002,Electronics,Laptop Stand,1,111.77,0,111.77,111.77,East,Website,Debit Card,False
102090,2024-08-23,237,Home & Kitchen,Blender,1,96.76,0,96.76,96.76,Central,Marketplace,Credit Card,False
101855,2024-08-24,211,Electronics,Laptop Stand,3,87.53,5,262.59,249.46,South,Website,Digital Wallet,False
100390,2024-08-24,48,Fashion,Running Shoes,2,98.71,5,197.42,187.55,North,Website,Credit Card,False
100854,2024-08-24,1125,Electronics,Phone Case,3,111.13,0,333.39,333.39,East,Mobile App,Digital Wallet,False
102510,2024-08-24,827,Sports,Yoga Mat,1,38.31,0,38.31,38.31,East,Mobile App,Digital Wallet,False
101876,2024-08-24,1126,Fashion,Backpack,4,32.34,0,129.36,129.36,South,Marketplace,Debit Card,False
102741,2024-08-25,703,Home & Kitchen,Non-Stick Pan Set,2,148.44,0,296.88,296.88,South,Mobile App,Digital Wallet,False
102967,2024-08-25,350,Beauty,Shampoo Bar,2,30.72,0,61.44,61.44,Central,Mobile App,Debit Card,False
100524,2024-08-25,19,Home & Kitchen,Non-Stick Pan Set,2,91.15,0,182.3,182.3,Central,Mobile App,Credit Card,False
101290,2024-08-25,355,Home & Kitchen,Air Fryer,1,87.87,0,87.87,87.87,East,Marketplace,Credit Card,False
100625,2024-08-26,1035,Electronics,Bluetooth Speaker,1,128.64,5,128.64,122.21,South,Website,Credit Card,False
100379,2024-08-26,570,Electronics,Smart Watch,2,143.09,0,286.18,286.18,East,Website,Digital Wallet,False
101789,2024-08-26,899,Fashion,Wool Sweater,2,95.72,5,191.44,181.87,East,Website,Credit Card,False
101400,2024-08-26,176,Beauty,Shampoo Bar,1,56.83,0,56.83,56.83,Central,Mobile App,Credit Card,False
102372,2024-08-26,857,Fashion,Wool Sweater,1,112.58,10,112.58,101.32,Central,Website,Credit Card,False
100346,2024-08-26,465,Fashion,Backpack,1,92.43,10,92.43,83.19,East,Website,Credit Card,False
102780,2024-08-27,402,Home & Kitchen,Storage Containers,2,128.24,0,256.48,256.48,South,Mobile App,Credit Card,False
101504,2024-08-27,132,Sports,Dumbbell Set,1,36.81,0,36.81,36.81,East,Website,Credit Card,False
101063,2024-08-27,426,Fashion,Wool Sweater,2,15.23,0,30.46,30.46,Central,Mobile App,Digital Wallet,False
100230,2024-08-27,431,Electronics,Bluetooth Speaker,2,173.03,0,346.06,346.06,East,Website,Digital Wallet,False
102383,2024-08-27,811,Sports,Dumbbell Set,1,25.88,5,25.88,24.59,East,Marketplace,Credit Card,False
101387,2024-08-27,270,Beauty,Body Lotion,2,23.78,0,47.56,47.56,Central,Website,Debit Card,False
101723,2024-08-28,1084,Fashion,Sunglasses,1,109.02,10,109.02,98.12,North,Website,Credit Card,False
100392,2024-08-28,298,Electronics,Phone Case,1,29.44,0,29.44,29.44,West,Website,Credit Card,False
100780,2024-08-28,1187,Home & Kitchen,Blender,1,77.4,10,77.4,69.66,Central,Marketplace,Credit Card,False
101670,2024-08-28,262,Home & Kitchen,Non-Stick Pan Set,3,104.66,0,313.98,313.98,South,Website,Digital Wallet,False
102963,2024-08-28,99,Electronics,USB-C Charger,1,26.37,20,26.37,21.1,West,Website,Digital Wallet,False
100173,2024-08-29,308,Fashion,Wool Sweater,3,99.16,0,297.48,297.48,East,Website,Debit Card,False
101629,2024-08-29,231,Fashion,Backpack,4,56.54,5,226.16,214.85,North,Marketplace,Digital Wallet,False
102230,2024-08-29,770,Home & Kitchen,Blender,1,125.44,0,125.44,125.44,South,Marketplace,Digital Wallet,False
100828,2024-08-29,371,Home & Kitchen,Air Fryer,1,56.06,0,56.06,56.06,East,Mobile App,Credit Card,False
101223,2024-08-29,367,Home & Kitchen,Storage Containers,1,128.27,15,128.27,109.03,North,Mobile App,Credit Card,False
100067,2024-08-30,118,Electronics,USB-C Charger,1,177.27,0,177.27,177.27,West,Marketplace,Credit Card,False
100857,2024-08-30,175,Fashion,Denim Jacket,1,16.37,5,16.37,15.55,South,Mobile App,Cash on Delivery,False
102953,2024-08-30,571,Beauty,Makeup Brush Set,1,9.01,0,9.01,9.01,East,Mobile App,Credit Card,False
100836,2024-08-30,552,Home & Kitchen,Coffee Maker,2,138.54,0,277.08,277.08,North,Website,Digital Wallet,False
100606,2024-08-31,1163,Home & Kitchen,Air Fryer,2,34.56,0,69.12,69.12,West,Website,Credit Card,False
102430,2024-08-31,1180,Home & Kitchen,Coffee Maker,1,71.4,0,71.4,71.4,South,Mobile App,Credit Card,False
100366,2024-08-31,700,Fashion,Denim Jacket,1,110.86,0,110.86,110.86,South,Mobile App,Digital Wallet,False
101513,2024-08-31,330,Home & Kitchen,Air Fryer,1,124.29,5,124.29,118.08,East,Website,Digital Wallet,False
102387,2024-08-31,1173,Beauty,Shampoo Bar,2,23.86,0,47.72,47.72,West,Mobile App,Debit Card,False
101900,2024-08-31,200,Home & Kitchen,Storage Containers,3,49.17,0,147.51,147.51,North,Website,Credit Card,False
100974,2024-08-31,954,Sports,Water Bottle,1,10.4,0,10.4,10.4,Central,Website,Digital Wallet,False
100322,2024-09-01,1031,Electronics,USB-C Charger,4,93.06,0,372.24,372.24,Central,Website,Digital Wallet,False
100240,2024-09-01,201,Electronics,USB-C Charger,1,154.5,0,154.5,154.5,East,Marketplace,Debit Card,False
102587,2024-09-01,20,Home & Kitchen,Coffee Maker,2,45.49,15,90.98,77.33,West,Mobile App,Digital Wallet,False
100874,2024-09-01,531,Electronics,Laptop Stand,1,71.34,0,71.34,71.34,South,Website,Digital Wallet,False
100686,2024-09-01,152,Home & Kitchen,Storage Containers,2,125.56,5,251.12,238.56,West,Website,Credit Card,False
102615,2024-09-01,1184,Electronics,Bluetooth Speaker,3,34.22,0,102.66,102.66,South,Marketplace,Digital Wallet,False
101295,2024-09-01,115,Beauty,Makeup Brush Set,1,28.57,0,28.57,28.57,Central,Mobile App,Digital Wallet,False
101809,2024-09-01,1027,Fashion,Sunglasses,1,19.24,0,19.24,19.24,West,Mobile App,Credit Card,False
101075,2024-09-02,79,Home & Kitchen,Non-Stick Pan Set,1,39.88,0,39.88,39.88,East,Marketplace,Digital Wallet,False
101127,2024-09-02,39,Sports,Water Bottle,2,84.43,10,168.86,151.97,East,Website,Credit Card,False
101180,2024-09-02,1149,Home & Kitchen,Non-Stick Pan Set,2,145.81,0,291.62,291.62,West,Marketplace,Credit Card,False
101598,2024-09-02,927,Electronics,USB-C Charger,1,38.55,5,38.55,36.62,North,Mobile App,Digital Wallet,False
101278,2024-09-02,137,Electronics,Phone Case,3,167.69,0,503.07,503.07,South,Marketplace,Credit Card,False
100371,2024-09-02,884,Electronics,Smart Watch,1,170.73,10,170.73,153.66,West,Website,Digital Wallet,False
100428,2024-09-02,274,Electronics,USB-C Charger,1,68.45,0,68.45,68.45,West,Website,Credit Card,False
102312,2024-09-02,111,Home & Kitchen,Coffee Maker,2,140.62,0,281.24,281.24,East,Website,Credit Card,False
101626,2024-09-02,760,Beauty,Makeup Brush Set,1,42.4,0,42.4,42.4,East,Website,Credit Card,False
100970,2024-09-02,1080,Electronics,Phone Case,2,176.9,0,353.8,353.8,North,Mobile App,Digital Wallet,False
102474,2024-09-02,746,Home & Kitchen,Coffee Maker,1,66.38,15,66.38,56.42,North,Website,Credit Card,False
102306,2024-09-03,965,Electronics,Phone Case,1,95.72,15,95.72,81.36,Central,Website,Digital Wallet,False
100486,2024-09-03,450,Beauty,Body Lotion,1,33.34,0,33.34,33.34,North,Website,Debit Card,False
102753,2024-09-03,158,Beauty,Shampoo Bar,4,55.46,10,221.84,199.66,North,Mobile App,Credit Card,False
100320,2024-09-03,958,Electronics,Phone Case,2,77.03,0,154.06,154.06,East,Mobile App,Debit Card,False
102911,2024-09-03,61,Electronics,Smart Watch,1,33.73,0,33.73,33.73,Central,Website,Credit Card,False
100033,2024-09-03,958,Electronics,Bluetooth Speaker,2,80.18,0,160.36,160.36,West,Website,Credit Card,False
102082,2024-09-04,787,Sports,Water Bottle,2,54.94,0,109.88,109.88,North,Mobile App,Digital Wallet,False
102268,2024-09-04,1062,Beauty,Face Serum,1,39.58,10,39.58,35.62,Central,Website,Credit Card,False
101248,2024-09-05,528,Fashion,Sunglasses,1,79.58,10,79.58,71.62,South,Website,Digital Wallet,False
102907,2024-09-05,51,Electronics,Phone Case,1,80.13,10,80.13,72.12,South,Website,Debit Card,False
102871,2024-09-05,873,Sports,Yoga Mat,1,67.07,0,67.07,67.07,West,Mobile App,Credit Card,False
102977,2024-09-05,300,Home & Kitchen,Storage Containers,1,149.92,0,149.92,149.92,South,Website,Credit Card,False
100506,2024-09-06,282,Beauty,Shampoo Bar,3,8.83,0,26.49,26.49,West,Website,Digital Wallet,False
102318,2024-09-06,1193,Home & Kitchen,Non-Stick Pan Set,1,85.71,0,85.71,85.71,Central,Mobile App,Credit Card,False
101259,2024-09-07,977,Electronics,Smart Watch,1,41.86,10,41.86,37.67,Central,Mobile App,Credit Card,False
100813,2024-09-07,864,Beauty,Makeup Brush Set,1,35.31,0,35.31,35.31,North,Website,Credit Card,False
102501,2024-09-08,625,Home & Kitchen,Storage Containers,2,118.8,0,237.6,237.6,East,Mobile App,Debit Card,False
100536,2024-09-08,515,Home & Kitchen,Air Fryer,1,28.33,5,28.33,26.91,South,Mobile App,Credit Card,False
100822,2024-09-08,933,Electronics,Wireless Earbuds,2,140.75,0,281.5,281.5,North,Mobile App,Credit Card,False
100804,2024-09-09,1137,Sports,Resistance Bands,2,42.33,0,84.66,84.66,Central,Mobile App,Credit Card,False
102021,2024-09-09,861,Fashion,Running Shoes,1,76.8,0,76.8,76.8,North,Mobile App,Debit Card,False
100709,2024-09-09,82,Home & Kitchen,Non-Stick Pan Set,2,65.01,0,130.02,130.02,South,Marketplace,Digital Wallet,False
100206,2024-09-10,709,Home & Kitchen,Non-Stick Pan Set,1,90.03,0,90.03,90.03,West,Mobile App,Credit Card,False
100800,2024-09-10,1139,Electronics,Laptop Stand,4,151.52,0,606.08,606.08,East,Mobile App,Debit Card,False
102218,2024-09-10,1108,Home & Kitchen,Storage Containers,2,143.09,0,286.18,286.18,North,Mobile App,Digital Wallet,False
102172,2024-09-10,970,Home & Kitchen,Storage Containers,1,101.13,15,101.13,85.96,North,Mobile App,Cash on Delivery,False
100875,2024-09-10,46,Home & Kitchen,Storage Containers,1,27.97,0,27.97,27.97,North,Mobile App,Debit Card,False
100533,2024-09-11,194,Fashion,Denim Jacket,1,41.0,15,41.0,34.85,West,Website,Digital Wallet,False
102553,2024-09-12,1192,Beauty,Makeup Brush Set,1,57.25,0,57.25,57.25,North,Website,Digital Wallet,False
102018,2024-09-12,1061,Home & Kitchen,Non-Stick Pan Set,1,75.08,0,75.08,75.08,West,Mobile App,Digital Wallet,False
100595,2024-09-12,804,Electronics,Laptop Stand,2,44.98,0,89.96,89.96,Central,Marketplace,Cash on Delivery,False
101760,2024-09-13,1033,Home & Kitchen,Storage Containers,1,141.53,0,141.53,141.53,Central,Website,Credit Card,False
102993,2024-09-13,198,Home & Kitchen,Blender,1,90.9,0,90.9,90.9,North,Mobile App,Digital Wallet,False
102251,2024-09-13,309,Sports,Dumbbell Set,1,71.11,0,71.11,71.11,Central,Mobile App,Digital Wallet,False
101157,2024-09-13,388,Electronics,USB-C Charger,1,25.87,0,25.87,25.87,North,Mobile App,Digital Wallet,False
101798,2024-09-13,254,Home & Kitchen,Blender,1,46.87,0,46.87,46.87,East,Marketplace,Digital Wallet,False
101150,2024-09-13,962,Sports,Dumbbell Set,1,12.95,0,12.95,12.95,North,Mobile App,Credit Card,False
100553,2024-09-13,1114,Electronics,Phone Case,2,159.8,0,319.6,319.6,East,Website,Digital Wallet,False
100138,2024-09-13,165,Home & Kitchen,Blender,1,143.32,0,143.32,143.32,West,Website,Digital Wallet,False
101967,2024-09-14,1160,Electronics,USB-C Charger,1,58.01,0,58.01,58.01,North,Mobile App,Debit Card,False
102778,2024-09-14,870,Home & Kitchen,Air Fryer,1,106.52,10,106.52,95.87,East,Marketplace,Digital Wallet,False
101079,2024-09-14,331,Sports,Dumbbell Set,1,78.66,0,78.66,78.66,Central,Mobile App,Credit Card,False
101891,2024-09-14,812,Sports,Yoga Mat,1,68.12,0,68.12,68.12,West,Mobile App,Digital Wallet,False
100850,2024-09-15,1054,Fashion,Wool Sweater,1,92.73,0,92.73,92.73,North,Website,Debit Card,False
100542,2024-09-15,543,Electronics,Bluetooth Speaker,2,114.79,0,229.58,229.58,South,Mobile App,Debit Card,False
101499,2024-09-15,854,Electronics,USB-C Charger,1,154.0,0,154.0,154.0,North,Website,Credit Card,False
102410,2024-09-15,225,Fashion,Wool Sweater,3,111.91,5,335.73,318.94,North,Mobile App,Digital Wallet,False
101754,2024-09-16,312,Fashion,Running Shoes,2,103.44,20,206.88,165.5,South,Marketplace,Credit Card,False
101001,2024-09-16,1196,Fashion,Sunglasses,1,86.26,0,86.26,86.26,Central,Mobile App,Cash on Delivery,False
102698,2024-09-17,336,Home & Kitchen,Coffee Maker,1,88.54,10,88.54,79.69,East,Website,Credit Card,False
101974,2024-09-17,869,Fashion,Denim Jacket,1,32.35,10,32.35,29.12,East,Website,Debit Card,False
101425,2024-09-17,1155,Fashion,Backpack,1,61.76,0,61.76,61.76,South,Marketplace,Credit Card,False
100091,2024-09-17,632,Home & Kitchen,Coffee Maker,1,76.7,15,76.7,65.2,West,Website,Digital Wallet,False
101071,2024-09-17,204,Electronics,Phone Case,2,41.22,0,82.44,82.44,East,Mobile App,Cash on Delivery,False
102167,2024-09-17,637,Home & Kitchen,Coffee Maker,2,142.54,0,285.08,285.08,North,Website,Credit Card,False
100868,2024-09-17,815,Electronics,Smart Watch,1,77.54,10,77.54,69.79,South,Website,Debit Card,False
102226,2024-09-17,643,Sports,Water Bottle,4,50.66,15,202.64,172.24,North,Mobile App,Debit Card,False
102222,2024-09-17,874,Electronics,Laptop Stand,1,84.32,0,84.32,84.32,West,Website,Debit Card,False
101929,2024-09-18,582,Home & Kitchen,Coffee Maker,2,82.55,0,165.1,165.1,West,Mobile App,Digital Wallet,False
102972,2024-09-18,660,Electronics,Bluetooth Speaker,1,158.78,0,158.78,158.78,Central,Mobile App,Cash on Delivery,False
101817,2024-09-19,789,Fashion,Backpack,1,42.5,0,42.5,42.5,East,Mobile App,Cash on Delivery,False
102885,2024-09-20,320,Electronics,Laptop Stand,3,133.75,0,401.25,401.25,East,Mobile App,Digital Wallet,False
102909,2024-09-20,342,Home & Kitchen,Storage Containers,1,29.51,0,29.51,29.51,Central,Marketplace,Credit Card,False
100129,2024-09-20,22,Sports,Dumbbell Set,1,74.14,10,74.14,66.73,East,Marketplace,Debit Card,False
101904,2024-09-21,988,Fashion,Denim Jacket,1,58.57,0,58.57,58.57,West,Mobile App,Credit Card,False
101745,2024-09-21,528,Home & Kitchen,Storage Containers,1,35.57,5,35.57,33.79,Central,Mobile App,Digital Wallet,False
101283,2024-09-21,1198,Sports,Dumbbell Set,2,26.61,0,53.22,53.22,North,Mobile App,Cash on Delivery,False
100166,2024-09-22,381,Beauty,Face Serum,1,32.93,5,32.93,31.28,North,Mobile App,Digital Wallet,False
102748,2024-09-22,1013,Home & Kitchen,Blender,1,143.76,0,143.76,143.76,South,Mobile App,Credit Card,False
101541,2024-09-22,1059,Home & Kitchen,Blender,1,96.76,20,96.76,77.41,Central,Marketplace,Credit Card,False
102774,2024-09-22,506,Sports,Yoga Mat,1,84.14,10,84.14,75.73,East,Website,Credit Card,False
100703,2024-09-22,101,Fashion,Wool Sweater,2,58.67,15,117.34,99.74,South,Mobile App,Credit Card,False
100811,2024-09-22,723,Beauty,Makeup Brush Set,1,47.56,0,47.56,47.56,North,Website,Credit Card,False
100245,2024-09-23,558,Home & Kitchen,Non-Stick Pan Set,2,24.94,0,49.88,49.88,Central,Mobile App,Credit Card,True
101614,2024-09-23,1009,Home & Kitchen,Air Fryer,3,72.32,5,216.96,206.11,North,Mobile App,Cash on Delivery,False
100451,2024-09-23,308,Electronics,USB-C Charger,1,28.82,0,28.82,28.82,Central,Website,Digital Wallet,False
102072,2024-09-23,840,Sports,Water Bottle,1,70.45,0,70.45,70.45,South,Mobile App,Digital Wallet,False
100234,2024-09-24,277,Electronics,Wireless Earbuds,1,38.08,15,38.08,32.37,North,Website,Debit Card,False
101300,2024-09-24,85,Electronics,Bluetooth Speaker,1,96.69,5,96.69,91.86,South,Mobile App,Digital Wallet,False
100812,2024-09-24,537,Fashion,Wool Sweater,1,106.48,0,106.48,106.48,East,Website,Credit Card,False
102811,2024-09-24,996,Beauty,Makeup Brush Set,2,33.19,15,66.38,56.42,East,Mobile App,Credit Card,False
101645,2024-09-24,781,Fashion,Sunglasses,2,88.16,0,176.32,176.32,North,Marketplace,Debit Card,False
101339,2024-09-24,123,Home & Kitchen,Non-Stick Pan Set,4,127.45,0,509.8,509.8,West,Website,Debit Card,False
101358,2024-09-24,1090,Beauty,Shampoo Bar,1,54.27,0,54.27,54.27,South,Website,Cash on Delivery,False
101175,2024-09-25,481,Home & Kitchen,Storage Containers,1,122.99,0,122.99,122.99,South,Website,Credit Card,False
102810,2024-09-25,500,Electronics,Laptop Stand,1,149.92,15,149.92,127.43,West,Website,Credit Card,False
102300,2024-09-25,1159,Fashion,Denim Jacket,2,117.14,0,234.28,234.28,South,Mobile App,Credit Card,False
102987,2024-09-25,32,Electronics,Bluetooth Speaker,2,57.18,15,114.36,97.21,West,Website,Credit Card,False
102188,2024-09-25,204,Electronics,Phone Case,1,90.68,20,90.68,72.54,Central,Website,Credit Card,False
100630,2024-09-26,668,Electronics,USB-C Charger,1,136.31,15,136.31,115.86,South,Marketplace,Debit Card,False
101168,2024-09-26,610,Home & Kitchen,Coffee Maker,1,138.38,10,138.38,124.54,Central,Mobile App,Cash on Delivery,False
102011,2024-09-26,1073,Sports,Resistance Bands,1,51.89,0,51.89,51.89,Central,Marketplace,Digital Wallet,False
102796,2024-09-26,237,Electronics,Laptop Stand,1,41.73,5,41.73,39.64,North,Marketplace,Digital Wallet,False
100656,2024-09-27,1081,Beauty,Makeup Brush Set,1,44.27,0,44.27,44.27,Central,Marketplace,Digital Wallet,False
102079,2024-09-27,930,Fashion,Wool Sweater,1,49.09,0,49.09,49.09,South,Marketplace,Digital Wallet,False
100945,2024-09-27,1034,Home & Kitchen,Blender,1,40.26,5,40.26,38.25,South,Mobile App,Digital Wallet,False
102133,2024-09-27,281,Electronics,USB-C Charger,2,105.18,0,210.36,210.36,Central,Website,Credit Card,False
100994,2024-09-28,14,Fashion,Wool Sweater,2,93.01,10,186.02,167.42,Central,Mobile App,Debit Card,False
100214,2024-09-28,855,Electronics,Phone Case,1,131.38,0,131.38,131.38,North,Mobile App,Cash on Delivery,False
100291,2024-09-28,726,Electronics,Bluetooth Speaker,1,134.94,10,134.94,121.45,North,Website,Debit Card,False
101454,2024-09-28,293,Home & Kitchen,Coffee Maker,1,44.6,10,44.6,40.14,West,Website,Debit Card,False
100475,2024-09-29,590,Beauty,Makeup Brush Set,1,59.0,0,59.0,59.0,South,Website,Credit Card,False
102287,2024-09-29,334,Fashion,Sunglasses,2,34.72,0,69.44,69.44,North,Website,Credit Card,False
100710,2024-09-29,433,Sports,Yoga Mat,2,72.41,0,144.82,144.82,East,Mobile App,Credit Card,False
100487,2024-09-29,1070,Electronics,Laptop Stand,1,150.83,0,150.83,150.83,South,Website,Digital Wallet,False
102158,2024-09-29,670,Sports,Resistance Bands,3,39.79,0,119.37,119.37,North,Marketplace,Debit Card,False
102617,2024-09-29,363,Electronics,Bluetooth Speaker,1,129.17,0,129.17,129.17,East,Mobile App,Digital Wallet,False
102122,2024-09-30,400,Fashion,Sunglasses,1,100.61,0,100.61,100.61,North,Mobile App,Digital Wallet,False
101781,2024-09-30,169,Home & Kitchen,Blender,2,75.11,5,150.22,142.71,North,Website,Debit Card,True
102795,2024-10-01,881,Fashion,Running Shoes,1,23.84,0,23.84,23.84,South,Website,Digital Wallet,False
101927,2024-10-01,855,Electronics,Phone Case,1,74.59,20,74.59,59.67,Central,Mobile App,Digital Wallet,False
100578,2024-10-02,702,Fashion,Backpack,2,57.71,0,115.42,115.42,East,Website,Debit Card,False
102055,2024-10-02,1057,Electronics,Smart Watch,1,41.04,5,41.04,38.99,East,Website,Credit Card,True
100222,2024-10-02,480,Electronics,Laptop Stand,1,42.81,15,42.81,36.39,West,Marketplace,Credit Card,False
100791,2024-10-02,503,Electronics,Phone Case,1,33.75,10,33.75,30.38,West,Website,Digital Wallet,False
102704,2024-10-02,570,Electronics,Smart Watch,2,124.89,0,249.78,249.78,East,Website,Digital Wallet,False
100846,2024-10-03,52,Electronics,Bluetooth Speaker,1,130.33,0,130.33,130.33,East,Website,Digital Wallet,False
102088,2024-10-04,454,Fashion,Running Shoes,1,71.49,0,71.49,71.49,East,Website,Digital Wallet,False
100185,2024-10-04,1152,Fashion,Wool Sweater,1,93.06,0,93.06,93.06,Central,Website,Debit Card,False
102186,2024-10-04,1045,Beauty,Shampoo Bar,1,54.7,0,54.7,54.7,East,Website,Digital Wallet,False
101474,2024-10-04,449,Beauty,Face Serum,1,55.88,5,55.88,53.09,East,Website,Digital Wallet,False
101708,2024-10-04,163,Home & Kitchen,Air Fryer,2,51.48,10,102.96,92.66,North,Mobile App,Credit Card,False
101383,2024-10-04,628,Beauty,Makeup Brush Set,1,32.19,0,32.19,32.19,South,Marketplace,Debit Card,False
101436,2024-10-05,1018,Fashion,Denim Jacket,1,103.34,5,103.34,98.17,West,Website,Credit Card,False
101975,2024-10-05,860,Home & Kitchen,Air Fryer,1,47.16,0,47.16,47.16,West,Marketplace,Cash on Delivery,False
100982,2024-10-06,1118,Fashion,Sunglasses,1,41.62,0,41.62,41.62,West,Mobile App,Debit Card,False
100952,2024-10-06,53,Electronics,Bluetooth Speaker,1,39.49,0,39.49,39.49,East,Mobile App,Debit Card,False
102132,2024-10-06,784,Electronics,Wireless Earbuds,1,174.21,0,174.21,174.21,North,Marketplace,Digital Wallet,False
100612,2024-10-06,380,Electronics,Phone Case,1,123.99,15,123.99,105.39,West,Website,Credit Card,True
102528,2024-10-06,738,Fashion,Denim Jacket,1,47.07,10,47.07,42.36,Central,Marketplace,Credit Card,False
101937,2024-10-07,199,Sports,Resistance Bands,1,26.3,5,26.3,24.98,South,Mobile App,Debit Card,False
101735,2024-10-07,321,Electronics,Smart Watch,1,87.09,0,87.09,87.09,East,Website,Cash on Delivery,False
102728,2024-10-07,771,Electronics,USB-C Charger,2,49.99,0,99.98,99.98,East,Mobile App,Digital Wallet,False
101054,2024-10-07,256,Electronics,USB-C Charger,2,63.34,0,126.68,126.68,South,Mobile App,Credit Card,False
101538,2024-10-07,861,Electronics,USB-C Charger,2,144.16,0,288.32,288.32,East,Website,Cash on Delivery,False
100622,2024-10-07,675,Electronics,Smart Watch,2,37.9,0,75.8,75.8,East,Mobile App,Credit Card,False
101769,2024-10-07,636,Electronics,USB-C Charger,2,132.26,5,264.52,251.29,Central,Website,Debit Card,False
102915,2024-10-07,349,Electronics,Smart Watch,1,125.02,0,125.02,125.02,South,Website,Digital Wallet,False
102751,2024-10-08,1069,Sports,Water Bottle,1,40.48,5,40.48,38.46,Central,Website,Debit Card,False
100140,2024-10-08,276,Electronics,Phone Case,3,95.09,0,285.27,285.27,North,Mobile App,Digital Wallet,False
102280,2024-10-08,331,Electronics,Phone Case,1,138.28,15,138.28,117.54,Central,Website,Credit Card,False
100881,2024-10-08,1171,Home & Kitchen,Air Fryer,2,22.54,0,45.08,45.08,Central,Mobile App,Debit Card,False
102700,2024-10-09,119,Fashion,Sunglasses,1,55.03,0,55.03,55.03,West,Website,Credit Card,False
100459,2024-10-09,575,Sports,Dumbbell Set,1,77.93,0,77.93,77.93,East,Mobile App,Debit Card,False
102667,2024-10-09,907,Fashion,Wool Sweater,1,117.09,0,117.09,117.09,West,Website,Digital Wallet,False
101196,2024-10-09,903,Electronics,Laptop Stand,1,27.12,0,27.12,27.12,South,Mobile App,Debit Card,False
101370,2024-10-10,235,Beauty,Shampoo Bar,2,26.62,0,53.24,53.24,North,Mobile App,Credit Card,False
100866,2024-10-10,922,Sports,Resistance Bands,1,27.07,5,27.07,25.72,Central,Mobile App,Credit Card,False
100971,2024-10-10,51,Electronics,Bluetooth Speaker,1,167.05,0,167.05,167.05,North,Mobile App,Digital Wallet,False
100511,2024-10-10,1066,Beauty,Face Serum,1,58.8,0,58.8,58.8,Central,Mobile App,Credit Card,False
100960,2024-10-11,868,Home & Kitchen,Storage Containers,1,53.88,0,53.88,53.88,North,Mobile App,Credit Card,False
101553,2024-10-11,91,Fashion,Running Shoes,1,74.72,0,74.72,74.72,West,Marketplace,Credit Card,False
101135,2024-10-11,446,Fashion,Running Shoes,2,57.34,0,114.68,114.68,South,Mobile App,Credit Card,False
100162,2024-10-12,481,Fashion,Denim Jacket,2,97.73,5,195.46,185.69,West,Mobile App,Digital Wallet,False
100991,2024-10-12,302,Beauty,Shampoo Bar,1,55.94,0,55.94,55.94,South,Mobile App,Debit Card,False
101989,2024-10-12,826,Electronics,Bluetooth Speaker,2,144.9,5,289.8,275.31,West,Website,Credit Card,False
101921,2024-10-13,295,Electronics,Laptop Stand,2,78.33,0,156.66,156.66,East,Website,Credit Card,False
102520,2024-10-13,40,Home & Kitchen,Coffee Maker,1,87.34,0,87.34,87.34,Central,Mobile App,Debit Card,False
101840,2024-10-13,613,Home & Kitchen,Coffee Maker,1,31.9,0,31.9,31.9,Central,Website,Digital Wallet,False
101266,2024-10-13,463,Fashion,Sunglasses,1,84.96,0,84.96,84.96,West,Mobile App,Digital Wallet,False
100530,2024-10-14,725,Home & Kitchen,Non-Stick Pan Set,2,82.94,0,165.88,165.88,East,Website,Digital Wallet,False
101832,2024-10-14,36,Electronics,Smart Watch,1,81.39,10,81.39,73.25,South,Website,Digital Wallet,False
102380,2024-10-14,585,Home & Kitchen,Blender,1,133.09,15,133.09,113.13,West,Website,Credit Card,False
100319,2024-10-15,1035,Home & Kitchen,Blender,2,115.21,0,230.42,230.42,West,Mobile App,Credit Card,False
101253,2024-10-15,623,Electronics,Wireless Earbuds,1,109.51,0,109.51,109.51,West,Website,Credit Card,False
100114,2024-10-15,1194,Beauty,Makeup Brush Set,1,53.14,0,53.14,53.14,North,Website,Credit Card,False
100300,2024-10-15,218,Fashion,Backpack,1,97.45,20,97.45,77.96,South,Marketplace,Cash on Delivery,False
101722,2024-10-16,681,Fashion,Sunglasses,2,73.26,15,146.52,124.54,Central,Marketplace,Digital Wallet,False
101875,2024-10-16,519,Electronics,Laptop Stand,1,43.32,0,43.32,43.32,East,Marketplace,Debit Card,False
100253,2024-10-16,322,Electronics,Phone Case,1,106.0,0,106.0,106.0,South,Mobile App,Digital Wallet,False
102910,2024-10-16,1042,Beauty,Face Serum,1,48.19,0,48.19,48.19,Central,Website,Credit Card,False
101439,2024-10-16,416,Home & Kitchen,Air Fryer,2,143.56,0,287.12,287.12,Central,Mobile App,Debit Card,False
101888,2024-10-17,1068,Electronics,USB-C Charger,1,159.13,0,159.13,159.13,East,Marketplace,Cash on Delivery,False
100388,2024-10-17,599,Sports,Dumbbell Set,1,40.58,0,40.58,40.58,South,Website,Debit Card,False
101584,2024-10-18,700,Fashion,Sunglasses,2,101.67,15,203.34,172.84,Central,Website,Credit Card,False
100251,2024-10-18,547,Beauty,Face Serum,1,11.59,15,11.59,9.85,West,Mobile App,Digital Wallet,False
101319,2024-10-18,750,Home & Kitchen,Air Fryer,1,93.52,10,93.52,84.17,West,Website,Cash on Delivery,False
102681,2024-10-18,43,Sports,Dumbbell Set,1,63.19,0,63.19,63.19,Central,Website,Credit Card,False
102968,2024-10-18,824,Electronics,Phone Case,1,152.87,0,152.87,152.87,North,Website,Credit Card,False
102758,2024-10-18,124,Fashion,Running Shoes,1,44.86,0,44.86,44.86,West,Website,Debit Card,False
101938,2024-10-18,1015,Home & Kitchen,Non-Stick Pan Set,1,98.0,0,98.0,98.0,West,Mobile App,Credit Card,False
102074,2024-10-19,799,Sports,Dumbbell Set,1,22.05,10,22.05,19.85,West,Website,Credit Card,False
102582,2024-10-19,430,Fashion,Running Shoes,1,56.0,5,56.0,53.2,Central,Website,Credit Card,False
100815,2024-10-19,960,Fashion,Backpack,2,110.89,15,221.78,188.51,West,Mobile App,Credit Card,False
101571,2024-10-19,1071,Electronics,USB-C Charger,1,124.78,0,124.78,124.78,Central,Mobile App,Debit Card,False
102715,2024-10-19,1071,Electronics,Smart Watch,1,154.1,0,154.1,154.1,West,Mobile App,Credit Card,False
102633,2024-10-20,115,Electronics,Laptop Stand,1,136.9,0,136.9,136.9,East,Website,Credit Card,False
102341,2024-10-20,285,Beauty,Body Lotion,1,15.15,0,15.15,15.15,South,Mobile App,Digital Wallet,False
102166,2024-10-20,356,Beauty,Makeup Brush Set,1,29.73,0,29.73,29.73,West,Mobile App,Cash on Delivery,False
100204,2024-10-20,884,Beauty,Shampoo Bar,2,58.86,0,117.72,117.72,Central,Website,Credit Card,False
101294,2024-10-20,7,Electronics,Bluetooth Speaker,1,97.89,0,97.89,97.89,West,Mobile App,Credit Card,False
100702,2024-10-20,1159,Electronics,Smart Watch,1,26.42,20,26.42,21.14,South,Website,Credit Card,True
101803,2024-10-20,1069,Home & Kitchen,Blender,1,149.96,20,149.96,119.97,South,Website,Debit Card,False
102297,2024-10-20,908,Fashion,Backpack,1,100.85,5,100.85,95.81,South,Mobile App,Credit Card,False
101576,2024-10-21,802,Home & Kitchen,Non-Stick Pan Set,1,117.54,0,117.54,117.54,South,Mobile App,Credit Card,False
102995,2024-10-22,360,Electronics,Smart Watch,3,170.02,0,510.06,510.06,West,Mobile App,Debit Card,False
102595,2024-10-22,22,Beauty,Makeup Brush Set,1,20.23,10,20.23,18.21,North,Website,Digital Wallet,True
101167,2024-10-22,13,Fashion,Backpack,3,116.84,15,350.52,297.94,Central,Mobile App,Debit Card,False
100309,2024-10-22,639,Home & Kitchen,Air Fryer,1,115.26,5,115.26,109.5,South,Website,Credit Card,False
100680,2024-10-23,843,Home & Kitchen,Air Fryer,2,54.53,0,109.06,109.06,West,Mobile App,Cash on Delivery,False
101017,2024-10-23,561,Sports,Dumbbell Set,1,10.35,0,10.35,10.35,South,Website,Cash on Delivery,False
102592,2024-10-23,1139,Fashion,Running Shoes,1,49.26,0,49.26,49.26,North,Mobile App,Debit Card,False
102843,2024-10-23,380,Sports,Yoga Mat,1,63.68,0,63.68,63.68,West,Mobile App,Credit Card,False
102419,2024-10-23,784,Fashion,Running Shoes,2,40.82,0,81.64,81.64,Central,Website,Credit Card,False
102354,2024-10-24,985,Electronics,Smart Watch,1,146.67,0,146.67,146.67,South,Website,Credit Card,False
100416,2024-10-25,666,Electronics,Wireless Earbuds,1,38.33,0,38.33,38.33,West,Mobile App,Credit Card,False
102775,2024-10-25,1189,Electronics,USB-C Charger,1,164.39,0,164.39,164.39,East,Website,Credit Card,False
100733,2024-10-26,586,Electronics,USB-C Charger,1,54.14,0,54.14,54.14,Central,Website,Credit Card,False
102275,2024-10-26,694,Beauty,Body Lotion,3,17.21,0,51.63,51.63,West,Website,Cash on Delivery,False
102248,2024-10-26,274,Electronics,Bluetooth Speaker,1,125.97,5,125.97,119.67,West,Mobile App,Debit Card,False
100520,2024-10-26,231,Electronics,Laptop Stand,1,36.67,10,36.67,33.0,South,Mobile App,Credit Card,False
101878,2024-10-26,366,Sports,Dumbbell Set,3,62.48,0,187.44,187.44,North,Website,Debit Card,False
101603,2024-10-26,576,Sports,Water Bottle,1,33.48,0,33.48,33.48,Central,Mobile App,Digital Wallet,True
101999,2024-10-27,503,Home & Kitchen,Air Fryer,2,65.34,0,130.68,130.68,North,Marketplace,Cash on Delivery,False
101928,2024-10-27,307,Fashion,Wool Sweater,2,52.65,0,105.3,105.3,West,Website,Credit Card,False
100223,2024-10-27,232,Fashion,Sunglasses,1,110.62,0,110.62,110.62,East,Marketplace,Debit Card,False
102427,2024-10-27,120,Home & Kitchen,Air Fryer,4,121.85,10,487.4,438.66,North,Mobile App,Debit Card,False
102540,2024-10-27,700,Sports,Resistance Bands,1,19.95,0,19.95,19.95,East,Website,Cash on Delivery,False
101446,2024-10-27,773,Fashion,Wool Sweater,4,80.61,0,322.44,322.44,North,Marketplace,Credit Card,False
102669,2024-10-27,492,Electronics,Laptop Stand,4,153.05,0,612.2,612.2,Central,Website,Debit Card,False
102126,2024-10-28,280,Beauty,Face Serum,1,53.13,15,53.13,45.16,South,Mobile App,Debit Card,False
101112,2024-10-28,854,Sports,Resistance Bands,1,60.7,0,60.7,60.7,West,Website,Debit Card,False
102007,2024-10-28,33,Home & Kitchen,Storage Containers,1,76.3,20,76.3,61.04,West,Mobile App,Cash on Delivery,False
101303,2024-10-28,859,Electronics,Wireless Earbuds,1,86.79,0,86.79,86.79,Central,Website,Debit Card,False
102471,2024-10-28,1029,Fashion,Running Shoes,1,91.14,15,91.14,77.47,North,Mobile App,Debit Card,False
102672,2024-10-28,105,Electronics,USB-C Charger,1,88.93,0,88.93,88.93,Central,Mobile App,Digital Wallet,False
100187,2024-10-28,566,Fashion,Backpack,1,87.23,0,87.23,87.23,West,Website,Digital Wallet,False
100768,2024-10-29,675,Home & Kitchen,Storage Containers,1,131.53,15,131.53,111.8,East,Website,Credit Card,False
101207,2024-10-29,71,Fashion,Denim Jacket,3,23.16,5,69.48,66.01,East,Website,Digital Wallet,False
101762,2024-10-29,409,Home & Kitchen,Air Fryer,1,118.14,0,118.14,118.14,East,Website,Credit Card,False
100193,2024-10-29,78,Sports,Dumbbell Set,1,33.96,5,33.96,32.26,West,Mobile App,Credit Card,False
100373,2024-10-29,1009,Electronics,Phone Case,2,169.39,0,338.78,338.78,East,Website,Debit Card,False
100617,2024-10-30,335,Home & Kitchen,Coffee Maker,2,41.68,5,83.36,79.19,West,Mobile App,Digital Wallet,False
102376,2024-10-30,1156,Beauty,Body Lotion,1,31.19,0,31.19,31.19,North,Mobile App,Cash on Delivery,False
101907,2024-10-30,194,Sports,Dumbbell Set,1,20.12,20,20.12,16.1,West,Website,Credit Card,False
100903,2024-10-30,899,Home & Kitchen,Air Fryer,1,142.04,0,142.04,142.04,South,Mobile App,Digital Wallet,False
102325,2024-10-30,1167,Electronics,Phone Case,1,105.12,0,105.12,105.12,East,Marketplace,Credit Card,False
101661,2024-10-31,301,Fashion,Wool Sweater,1,105.57,0,105.57,105.57,Central,Website,Digital Wallet,False
102619,2024-10-31,1188,Electronics,Bluetooth Speaker,1,127.24,20,127.24,101.79,East,Mobile App,Cash on Delivery,False
102713,2024-10-31,216,Home & Kitchen,Blender,1,141.92,10,141.92,127.73,North,Website,Credit Card,False
100931,2024-10-31,444,Sports,Yoga Mat,1,72.17,10,72.17,64.95,South,Website,Credit Card,False
102221,2024-11-01,1185,Home & Kitchen,Coffee Maker,2,137.62,5,275.24,261.48,Central,Website,Debit Card,False
100859,2024-11-01,1098,Home & Kitchen,Storage Containers,1,98.81,0,98.81,98.81,North,Website,Credit Card,True
100435,2024-11-01,1049,Electronics,Bluetooth Speaker,1,142.3,0,142.3,142.3,East,Mobile App,Digital Wallet,False
101801,2024-11-01,869,Sports,Dumbbell Set,1,41.6,10,41.6,37.44,East,Website,Credit Card,False
100781,2024-11-02,235,Beauty,Makeup Brush Set,4,10.3,0,41.2,41.2,North,Mobile App,Credit Card,False
101133,2024-11-02,186,Electronics,USB-C Charger,2,72.8,5,145.6,138.32,West,Marketplace,Credit Card,False
100513,2024-11-02,573,Sports,Water Bottle,2,61.42,20,122.84,98.27,West,Website,Debit Card,False
101411,2024-11-03,306,Home & Kitchen,Storage Containers,1,67.3,0,67.3,67.3,East,Website,Digital Wallet,False
101083,2024-11-03,184,Fashion,Sunglasses,1,87.72,10,87.72,78.95,Central,Website,Digital Wallet,True
102476,2024-11-03,818,Fashion,Denim Jacket,1,20.23,0,20.23,20.23,South,Mobile App,Digital Wallet,False
100142,2024-11-03,311,Electronics,Bluetooth Speaker,2,54.19,0,108.38,108.38,Central,Marketplace,Credit Card,False
101596,2024-11-03,360,Fashion,Sunglasses,2,62.49,0,124.98,124.98,North,Website,Credit Card,False
102602,2024-11-04,1069,Home & Kitchen,Air Fryer,1,88.43,0,88.43,88.43,North,Mobile App,Digital Wallet,False
102258,2024-11-04,819,Beauty,Face Serum,1,30.79,0,30.79,30.79,South,Mobile App,Cash on Delivery,False
101211,2024-11-04,1029,Beauty,Makeup Brush Set,1,26.26,5,26.26,24.95,Central,Website,Credit Card,False
102854,2024-11-04,471,Electronics,Wireless Earbuds,2,128.11,0,256.22,256.22,East,Mobile App,Digital Wallet,False
102707,2024-11-04,653,Sports,Yoga Mat,1,59.79,10,59.79,53.81,Central,Website,Credit Card,False
100439,2024-11-04,699,Sports,Yoga Mat,1,27.97,0,27.97,27.97,East,Website,Digital Wallet,False
102837,2024-11-04,798,Electronics,Phone Case,1,47.9,15,47.9,40.71,East,Mobile App,Debit Card,False
100539,2024-11-05,355,Electronics,Wireless Earbuds,2,145.55,10,291.1,261.99,East,Mobile App,Credit Card,False
101674,2024-11-05,1056,Electronics,Phone Case,1,161.48,0,161.48,161.48,East,Mobile App,Credit Card,False
100316,2024-11-06,1030,Beauty,Face Serum,1,24.99,0,24.99,24.99,North,Website,Cash on Delivery,False
102024,2024-11-06,117,Home & Kitchen,Non-Stick Pan Set,1,132.73,5,132.73,126.09,South,Mobile App,Credit Card,False
102702,2024-11-06,160,Fashion,Denim Jacket,1,25.09,0,25.09,25.09,South,Website,Debit Card,False
102400,2024-11-06,1147,Home & Kitchen,Coffee Maker,2,115.02,5,230.04,218.54,North,Website,Digital Wallet,False
100396,2024-11-06,45,Electronics,Smart Watch,1,78.72,0,78.72,78.72,South,Website,Credit Card,False
102896,2024-11-07,679,Electronics,Smart Watch,1,74.56,0,74.56,74.56,East,Mobile App,Digital Wallet,False
101049,2024-11-07,1193,Beauty,Face Serum,1,23.83,10,23.83,21.45,North,Website,Digital Wallet,False
102638,2024-11-07,908,Fashion,Wool Sweater,2,76.7,0,153.4,153.4,North,Website,Debit Card,False
100706,2024-11-08,1120,Sports,Yoga Mat,3,20.1,0,60.3,60.3,West,Website,Debit Card,False
102788,2024-11-09,649,Electronics,Smart Watch,1,77.6,0,77.6,77.6,South,Mobile App,Digital Wallet,False
102407,2024-11-09,972,Fashion,Denim Jacket,1,82.17,5,82.17,78.06,North,Marketplace,Debit Card,False
102776,2024-11-09,988,Home & Kitchen,Storage Containers,4,61.26,0,245.04,245.04,Central,Mobile App,Digital Wallet,False
101222,2024-11-10,431,Home & Kitchen,Non-Stick Pan Set,1,97.17,5,97.17,92.31,South,Website,Debit Card,False
100296,2024-11-10,659,Fashion,Running Shoes,1,116.54,0,116.54,116.54,East,Mobile App,Credit Card,False
102461,2024-11-11,258,Sports,Dumbbell Set,1,52.85,0,52.85,52.85,West,Marketplace,Credit Card,False
102584,2024-11-11,293,Home & Kitchen,Storage Containers,2,97.12,0,194.24,194.24,West,Website,Debit Card,False
101685,2024-11-11,898,Beauty,Body Lotion,1,23.18,0,23.18,23.18,East,Mobile App,Cash on Delivery,False
102442,2024-11-11,101,Sports,Dumbbell Set,2,29.5,0,59.0,59.0,East,Mobile App,Credit Card,False
101231,2024-11-12,708,Fashion,Wool Sweater,2,43.62,10,87.24,78.52,Central,Mobile App,Credit Card,False
100382,2024-11-12,463,Sports,Resistance Bands,1,18.47,0,18.47,18.47,South,Mobile App,Credit Card,False
100893,2024-11-12,172,Fashion,Running Shoes,1,88.75,20,88.75,71.0,Central,Marketplace,Credit Card,False
101954,2024-11-12,529,Fashion,Running Shoes,1,72.31,5,72.31,68.69,Central,Website,Debit Card,False
101943,2024-11-13,310,Home & Kitchen,Air Fryer,1,64.43,0,64.43,64.43,South,Website,Credit Card,False
100468,2024-11-13,189,Electronics,Bluetooth Speaker,1,67.55,0,67.55,67.55,Central,Mobile App,Digital Wallet,False
102507,2024-11-14,742,Electronics,Smart Watch,1,34.52,15,34.52,29.34,North,Website,Credit Card,False
102569,2024-11-14,920,Electronics,USB-C Charger,1,166.83,10,166.83,150.15,North,Website,Credit Card,False
101600,2024-11-14,870,Electronics,USB-C Charger,1,107.47,5,107.47,102.1,West,Mobile App,Digital Wallet,False
102801,2024-11-14,513,Home & Kitchen,Blender,4,132.02,15,528.08,448.87,South,Website,Debit Card,False
102313,2024-11-14,868,Beauty,Body Lotion,3,30.75,0,92.25,92.25,East,Website,Debit Card,False
102858,2024-11-14,919,Beauty,Body Lotion,1,28.73,10,28.73,25.86,East,Website,Credit Card,False
102846,2024-11-15,499,Fashion,Wool Sweater,2,15.85,10,31.7,28.53,East,Website,Debit Card,False
102213,2024-11-15,288,Sports,Water Bottle,1,72.55,0,72.55,72.55,South,Website,Cash on Delivery,False
100571,2024-11-15,1116,Fashion,Denim Jacket,2,43.31,20,86.62,69.3,Central,Website,Digital Wallet,False
100422,2024-11-15,742,Sports,Resistance Bands,1,20.83,0,20.83,20.83,North,Mobile App,Debit Card,False
101874,2024-11-16,1028,Electronics,Bluetooth Speaker,1,59.89,0,59.89,59.89,Central,Website,Credit Card,False
101660,2024-11-17,392,Beauty,Makeup Brush Set,1,19.96,0,19.96,19.96,South,Mobile App,Credit Card,False
102502,2024-11-17,670,Electronics,Wireless Earbuds,2,90.89,0,181.78,181.78,West,Website,Credit Card,False
101977,2024-11-17,542,Beauty,Body Lotion,1,41.91,15,41.91,35.62,Central,Website,Digital Wallet,False
102009,2024-11-17,574,Home & Kitchen,Blender,1,54.81,5,54.81,52.07,West,Website,Credit Card,False
100858,2024-11-17,944,Electronics,Bluetooth Speaker,1,117.06,0,117.06,117.06,West,Marketplace,Cash on Delivery,False
101393,2024-11-17,243,Home & Kitchen,Air Fryer,1,65.38,0,65.38,65.38,West,Website,Digital Wallet,False
101924,2024-11-17,1014,Electronics,Bluetooth Speaker,1,153.81,0,153.81,153.81,West,Mobile App,Digital Wallet,False
100999,2024-11-17,824,Electronics,Smart Watch,3,166.97,0,500.91,500.91,South,Website,Digital Wallet,True
100107,2024-11-19,61,Fashion,Running Shoes,1,110.59,0,110.59,110.59,North,Mobile App,Credit Card,False
102253,2024-11-19,21,Fashion,Wool Sweater,1,67.1,0,67.1,67.1,West,Mobile App,Digital Wallet,False
100935,2024-11-19,956,Electronics,Smart Watch,2,168.5,0,337.0,337.0,Central,Mobile App,Digital Wallet,False
100283,2024-11-19,354,Sports,Resistance Bands,1,83.46,0,83.46,83.46,East,Mobile App,Credit Card,False
102983,2024-11-19,557,Fashion,Sunglasses,1,87.15,5,87.15,82.79,South,Marketplace,Debit Card,False
101903,2024-11-19,448,Electronics,Wireless Earbuds,1,60.63,15,60.63,51.54,Central,Website,Credit Card,False
102639,2024-11-19,82,Electronics,USB-C Charger,2,30.5,0,61.0,61.0,West,Website,Debit Card,False
100676,2024-11-20,1178,Home & Kitchen,Blender,1,107.16,0,107.16,107.16,South,Website,Credit Card,False
100596,2024-11-20,474,Fashion,Denim Jacket,2,28.31,0,56.62,56.62,West,Website,Debit Card,False
100719,2024-11-20,38,Electronics,Bluetooth Speaker,2,91.68,0,183.36,183.36,West,Mobile App,Cash on Delivery,False
100538,2024-11-20,869,Electronics,USB-C Charger,1,81.84,20,81.84,65.47,East,Website,Debit Card,False
101925,2024-11-20,617,Fashion,Denim Jacket,2,62.76,0,125.52,125.52,South,Website,Credit Card,False
102797,2024-11-21,795,Fashion,Running Shoes,1,102.51,0,102.51,102.51,North,Marketplace,Credit Card,False
102886,2024-11-21,963,Home & Kitchen,Air Fryer,4,116.55,5,466.2,442.89,South,Mobile App,Digital Wallet,False
101450,2024-11-21,278,Beauty,Shampoo Bar,1,45.63,0,45.63,45.63,North,Website,Debit Card,False
100799,2024-11-21,74,Sports,Resistance Bands,1,39.81,0,39.81,39.81,South,Mobile App,Cash on Delivery,False
102670,2024-11-21,555,Electronics,Bluetooth Speaker,1,166.47,0,166.47,166.47,East,Website,Credit Card,False
100354,2024-11-22,979,Beauty,Body Lotion,1,25.07,10,25.07,22.56,Central,Marketplace,Digital Wallet,False
100467,2024-11-22,228,Home & Kitchen,Non-Stick Pan Set,1,86.61,0,86.61,86.61,North,Mobile App,Credit Card,False
100045,2024-11-22,1150,Beauty,Shampoo Bar,1,44.83,0,44.83,44.83,East,Website,Credit Card,False
100434,2024-11-22,952,Electronics,Wireless Earbuds,1,164.93,0,164.93,164.93,South,Marketplace,Digital Wallet,False
102078,2024-11-22,311,Home & Kitchen,Blender,1,89.57,5,89.57,85.09,North,Website,Credit Card,False
102317,2024-11-23,357,Sports,Yoga Mat,1,11.01,0,11.01,11.01,North,Marketplace,Debit Card,False
102135,2024-11-23,421,Home & Kitchen,Storage Containers,1,87.67,0,87.67,87.67,Central,Mobile App,Debit Card,False
102542,2024-11-23,1004,Home & Kitchen,Blender,1,58.48,0,58.48,58.48,North,Marketplace,Credit Card,False
101437,2024-11-23,296,Home & Kitchen,Blender,1,65.03,15,65.03,55.28,Central,Website,Credit Card,False
101422,2024-11-23,1046,Electronics,USB-C Charger,2,178.92,10,357.84,322.06,Central,Marketplace,Debit Card,False
102696,2024-11-24,333,Home & Kitchen,Blender,1,145.0,0,145.0,145.0,West,Website,Digital Wallet,False
102765,2024-11-24,530,Fashion,Denim Jacket,1,28.9,5,28.9,27.46,East,Website,Debit Card,False
101401,2024-11-24,921,Electronics,Bluetooth Speaker,1,129.84,0,129.84,129.84,West,Website,Digital Wallet,False
102925,2024-11-24,41,Electronics,USB-C Charger,1,96.02,10,96.02,86.42,East,Mobile App,Digital Wallet,False
101291,2024-11-24,990,Home & Kitchen,Non-Stick Pan Set,1,42.3,5,42.3,40.18,Central,Mobile App,Credit Card,True
101065,2024-11-24,986,Beauty,Makeup Brush Set,1,42.93,5,42.93,40.78,West,Mobile App,Credit Card,False
102071,2024-11-24,805,Beauty,Face Serum,2,59.69,0,119.38,119.38,Central,Website,Debit Card,True
100575,2024-11-25,126,Electronics,Wireless Earbuds,1,141.69,0,141.69,141.69,East,Marketplace,Debit Card,False
101153,2024-11-25,1180,Electronics,Bluetooth Speaker,1,84.23,0,84.23,84.23,North,Mobile App,Digital Wallet,False
102718,2024-11-25,434,Fashion,Denim Jacket,1,58.51,0,58.51,58.51,East,Website,Credit Card,False
101687,2024-11-25,6,Fashion,Backpack,1,102.41,0,102.41,102.41,North,Marketplace,Credit Card,True
100100,2024-11-25,976,Fashion,Sunglasses,2,71.9,5,143.8,136.61,Central,Mobile App,Digital Wallet,False
102195,2024-11-26,717,Electronics,Wireless Earbuds,1,55.27,0,55.27,55.27,Central,Mobile App,Debit Card,False
100726,2024-11-26,922,Home & Kitchen,Storage Containers,3,111.86,0,335.58,335.58,North,Website,Credit Card,False
102861,2024-11-27,360,Home & Kitchen,Blender,1,47.08,5,47.08,44.73,East,Mobile App,Digital Wallet,False
101331,2024-11-27,506,Home & Kitchen,Coffee Maker,1,71.18,0,71.18,71.18,Central,Marketplace,Credit Card,False
102518,2024-11-27,519,Home & Kitchen,Blender,1,60.2,0,60.2,60.2,Central,Website,Credit Card,False
101730,2024-11-27,593,Home & Kitchen,Non-Stick Pan Set,1,95.39,0,95.39,95.39,East,Mobile App,Credit Card,False
101848,2024-11-27,125,Home & Kitchen,Air Fryer,1,134.82,0,134.82,134.82,South,Mobile App,Credit Card,False
101226,2024-11-27,694,Fashion,Backpack,2,36.2,5,72.4,68.78,West,Website,Debit Card,False
101210,2024-11-27,41,Sports,Dumbbell Set,1,34.62,0,34.62,34.62,West,Website,Debit Card,False
101152,2024-11-27,113,Sports,Water Bottle,1,36.79,15,36.79,31.27,East,Marketplace,Debit Card,False
101952,2024-11-28,903,Electronics,Smart Watch,1,172.08,10,172.08,154.87,South,Website,Credit Card,False
100393,2024-11-28,17,Electronics,Bluetooth Speaker,2,67.66,0,135.32,135.32,West,Website,Digital Wallet,False
102952,2024-11-28,946,Sports,Dumbbell Set,1,60.46,0,60.46,60.46,North,Website,Digital Wallet,False
101688,2024-11-28,134,Fashion,Backpack,2,94.98,20,189.96,151.97,South,Mobile App,Credit Card,False
101114,2024-11-28,1173,Fashion,Denim Jacket,1,82.74,0,82.74,82.74,North,Website,Digital Wallet,False
101130,2024-11-28,877,Electronics,Phone Case,1,34.08,20,34.08,27.26,West,Mobile App,Credit Card,False
100327,2024-11-28,843,Sports,Resistance Bands,1,35.69,0,35.69,35.69,East,Mobile App,Credit Card,False
101089,2024-11-28,105,Fashion,Sunglasses,2,112.04,0,224.08,224.08,West,Website,Credit Card,False
100977,2024-11-29,509,Beauty,Shampoo Bar,1,45.94,5,45.94,43.64,North,Website,Digital Wallet,True
101531,2024-11-29,1124,Electronics,Wireless Earbuds,1,86.73,0,86.73,86.73,West,Mobile App,Debit Card,False
102111,2024-11-29,177,Beauty,Shampoo Bar,1,9.09,0,9.09,9.09,North,Website,Debit Card,False
102349,2024-11-29,341,Home & Kitchen,Blender,1,42.48,0,42.48,42.48,East,Website,Credit Card,False
100398,2024-11-30,989,Fashion,Sunglasses,1,26.09,5,26.09,24.79,East,Website,Digital Wallet,False
100790,2024-12-01,279,Electronics,Bluetooth Speaker,2,41.19,5,82.38,78.26,Central,Marketplace,Credit Card,False
102844,2024-12-01,700,Fashion,Running Shoes,1,96.52,0,96.52,96.52,West,Marketplace,Digital Wallet,False
102522,2024-12-01,231,Electronics,Phone Case,2,32.51,20,65.02,52.02,East,Website,Debit Card,True
100489,2024-12-01,68,Electronics,Bluetooth Speaker,1,56.63,5,56.63,53.8,Central,Website,Credit Card,False
101552,2024-12-01,305,Sports,Dumbbell Set,1,53.88,15,53.88,45.8,North,Website,Credit Card,False
102532,2024-12-02,984,Fashion,Wool Sweater,1,75.26,5,75.26,71.5,North,Website,Cash on Delivery,False
101015,2024-12-02,1023,Fashion,Running Shoes,1,26.35,0,26.35,26.35,East,Mobile App,Digital Wallet,False
100951,2024-12-02,979,Home & Kitchen,Blender,1,129.65,0,129.65,129.65,Central,Website,Credit Card,False
100632,2024-12-02,1138,Electronics,Smart Watch,1,156.6,15,156.6,133.11,Central,Mobile App,Digital Wallet,False
102985,2024-12-02,1182,Electronics,Bluetooth Speaker,2,128.44,0,256.88,256.88,North,Mobile App,Digital Wallet,False
102567,2024-12-02,850,Fashion,Wool Sweater,1,39.91,0,39.91,39.91,West,Website,Debit Card,False
102358,2024-12-03,513,Fashion,Sunglasses,2,20.85,20,41.7,33.36,East,Website,Debit Card,False
100767,2024-12-03,499,Fashion,Wool Sweater,2,56.11,5,112.22,106.61,North,Mobile App,Digital Wallet,False
101077,2024-12-03,660,Electronics,Laptop Stand,2,67.61,0,135.22,135.22,South,Website,Debit Card,False
101213,2024-12-03,837,Electronics,Phone Case,1,41.36,0,41.36,41.36,East,Website,Digital Wallet,False
102929,2024-12-04,106,Beauty,Shampoo Bar,1,22.48,0,22.48,22.48,North,Website,Debit Card,False
101041,2024-12-04,802,Home & Kitchen,Non-Stick Pan Set,1,80.84,5,80.84,76.8,West,Mobile App,Credit Card,True
101515,2024-12-04,807,Electronics,Smart Watch,1,99.84,0,99.84,99.84,East,Mobile App,Debit Card,False
102282,2024-12-04,289,Sports,Dumbbell Set,1,74.08,5,74.08,70.38,North,Mobile App,Credit Card,False
102637,2024-12-04,914,Electronics,Smart Watch,1,143.62,0,143.62,143.62,South,Mobile App,Digital Wallet,False
100823,2024-12-04,701,Fashion,Wool Sweater,1,105.74,5,105.74,100.45,Central,Mobile App,Debit Card,False
102299,2024-12-04,1156,Sports,Resistance Bands,1,46.2,0,46.2,46.2,Central,Marketplace,Credit Card,False
102820,2024-12-05,946,Beauty,Makeup Brush Set,1,26.47,0,26.47,26.47,North,Mobile App,Debit Card,False
102566,2024-12-05,731,Home & Kitchen,Coffee Maker,1,48.94,0,48.94,48.94,West,Mobile App,Credit Card,False
102685,2024-12-06,1103,Fashion,Wool Sweater,3,99.59,0,298.77,298.77,South,Mobile App,Credit Card,False
101323,2024-12-06,1127,Home & Kitchen,Air Fryer,2,44.49,0,88.98,88.98,East,Website,Debit Card,False
100652,2024-12-06,555,Home & Kitchen,Blender,1,87.62,0,87.62,87.62,West,Mobile App,Cash on Delivery,False
101088,2024-12-06,684,Beauty,Makeup Brush Set,2,32.4,0,64.8,64.8,North,Website,Debit Card,False
102701,2024-12-06,1083,Fashion,Denim Jacket,1,26.36,10,26.36,23.72,Central,Mobile App,Digital Wallet,False
101217,2024-12-06,162,Electronics,Wireless Earbuds,1,141.39,5,141.39,134.32,North,Mobile App,Credit Card,False
102173,2024-12-07,157,Beauty,Makeup Brush Set,2,53.65,10,107.3,96.57,South,Website,Credit Card,False
102660,2024-12-07,34,Sports,Resistance Bands,1,69.34,0,69.34,69.34,East,Website,Debit Card,False
101595,2024-12-07,468,Sports,Resistance Bands,1,82.24,10,82.24,74.02,South,Marketplace,Debit Card,False
102115,2024-12-08,138,Beauty,Face Serum,1,58.53,10,58.53,52.68,South,Mobile App,Credit Card,False
102320,2024-12-08,791,Home & Kitchen,Blender,1,79.94,10,79.94,71.95,North,Marketplace,Debit Card,False
100502,2024-12-08,1021,Electronics,Wireless Earbuds,1,155.82,0,155.82,155.82,South,Mobile App,Digital Wallet,False
101782,2024-12-08,495,Electronics,Wireless Earbuds,1,55.19,10,55.19,49.67,South,Mobile App,Debit Card,False
101926,2024-12-09,501,Electronics,Smart Watch,1,104.87,5,104.87,99.63,West,Website,Credit Card,False
100125,2024-12-09,102,Sports,Yoga Mat,1,10.93,0,10.93,10.93,East,Mobile App,Digital Wallet,False
101265,2024-12-09,476,Home & Kitchen,Blender,2,89.06,0,178.12,178.12,East,Marketplace,Credit Card,False
102101,2024-12-09,159,Sports,Water Bottle,2,18.76,0,37.52,37.52,East,Mobile App,Credit Card,False
100446,2024-12-09,723,Sports,Dumbbell Set,1,32.04,0,32.04,32.04,South,Marketplace,Debit Card,False
100643,2024-12-09,196,Beauty,Makeup Brush Set,2,12.73,5,25.46,24.19,South,Website,Debit Card,False
101911,2024-12-09,765,Sports,Water Bottle,1,45.53,10,45.53,40.98,North,Website,Digital Wallet,False
101863,2024-12-10,578,Electronics,Smart Watch,4,92.57,0,370.28,370.28,West,Mobile App,Credit Card,False
101048,2024-12-10,576,Electronics,Bluetooth Speaker,2,120.29,20,240.58,192.46,South,Website,Digital Wallet,False
102900,2024-12-11,252,Home & Kitchen,Coffee Maker,1,103.64,10,103.64,93.28,West,Mobile App,Digital Wallet,False
100019,2024-12-11,1123,Home & Kitchen,Coffee Maker,1,51.44,15,51.44,43.72,Central,Marketplace,Credit Card,False
101589,2024-12-11,698,Beauty,Shampoo Bar,1,19.92,10,19.92,17.93,Central,Website,Credit Card,False
101052,2024-12-11,23,Fashion,Denim Jacket,1,89.77,5,89.77,85.28,South,Website,Digital Wallet,False
101287,2024-12-11,1044,Fashion,Wool Sweater,1,15.43,20,15.43,12.34,North,Website,Credit Card,False
102086,2024-12-11,1122,Electronics,Laptop Stand,1,137.44,5,137.44,130.57,East,Website,Credit Card,False
102791,2024-12-12,525,Sports,Water Bottle,1,39.08,0,39.08,39.08,Central,Website,Credit Card,True
101972,2024-12-12,1199,Beauty,Face Serum,2,54.56,20,109.12,87.3,Central,Mobile App,Credit Card,False
101866,2024-12-12,448,Electronics,Smart Watch,2,124.82,0,249.64,249.64,South,Website,Debit Card,False
102040,2024-12-13,368,Home & Kitchen,Blender,4,35.69,10,142.76,128.48,East,Mobile App,Debit Card,False
102330,2024-12-13,699,Home & Kitchen,Non-Stick Pan Set,1,49.14,0,49.14,49.14,Central,Website,Credit Card,True
101460,2024-12-13,583,Electronics,Smart Watch,1,74.3,0,74.3,74.3,East,Website,Digital Wallet,False
102294,2024-12-13,192,Home & Kitchen,Non-Stick Pan Set,1,67.42,0,67.42,67.42,North,Website,Credit Card,True
101633,2024-12-13,233,Fashion,Running Shoes,1,58.45,0,58.45,58.45,South,Website,Credit Card,False
102284,2024-12-13,1000,Sports,Yoga Mat,1,24.3,15,24.3,20.66,Central,Marketplace,Credit Card,False
100669,2024-12-14,716,Fashion,Wool Sweater,1,107.54,0,107.54,107.54,West,Mobile App,Credit Card,False
101577,2024-12-14,910,Beauty,Face Serum,1,9.94,5,9.94,9.44,East,Mobile App,Digital Wallet,False
101707,2024-12-14,290,Fashion,Denim Jacket,1,41.1,10,41.1,36.99,West,Mobile App,Credit Card,False
100620,2024-12-14,235,Fashion,Wool Sweater,1,80.3,10,80.3,72.27,Central,Mobile App,Digital Wallet,False
102171,2024-12-15,55,Electronics,Bluetooth Speaker,1,34.66,0,34.66,34.66,East,Mobile App,Cash on Delivery,False
102654,2024-12-15,33,Home & Kitchen,Air Fryer,2,107.1,0,214.2,214.2,North,Website,Digital Wallet,False
101233,2024-12-15,701,Beauty,Face Serum,1,43.35,10,43.35,39.02,West,Website,Credit Card,False
102835,2024-12-15,371,Home & Kitchen,Non-Stick Pan Set,1,61.76,10,61.76,55.58,South,Website,Credit Card,False
101725,2024-12-16,1029,Fashion,Denim Jacket,2,16.36,0,32.72,32.72,East,Mobile App,Digital Wallet,False
100181,2024-12-16,124,Fashion,Denim Jacket,1,28.45,15,28.45,24.18,North,Website,Debit Card,False
102561,2024-12-16,671,Sports,Yoga Mat,2,17.16,0,34.32,34.32,East,Website,Cash on Delivery,False
102519,2024-12-16,467,Sports,Water Bottle,1,54.01,5,54.01,51.31,East,Mobile App,Credit Card,False
101151,2024-12-16,549,Electronics,USB-C Charger,1,151.0,10,151.0,135.9,North,Website,Digital Wallet,False
102357,2024-12-17,841,Electronics,USB-C Charger,1,158.23,0,158.23,158.23,Central,Marketplace,Debit Card,False
100501,2024-12-17,57,Electronics,Bluetooth Speaker,2,103.26,0,206.52,206.52,South,Mobile App,Digital Wallet,False
100953,2024-12-18,1045,Electronics,Bluetooth Speaker,3,133.36,0,400.08,400.08,Central,Website,Debit Card,False
102187,2024-12-18,52,Beauty,Body Lotion,1,49.39,10,49.39,44.45,South,Mobile App,Digital Wallet,False
102559,2024-12-18,383,Sports,Resistance Bands,1,46.84,5,46.84,44.5,East,Marketplace,Digital Wallet,False
101396,2024-12-20,511,Fashion,Running Shoes,1,91.02,0,91.02,91.02,North,Mobile App,Cash on Delivery,False
101252,2024-12-20,1030,Fashion,Running Shoes,1,42.16,0,42.16,42.16,Central,Marketplace,Digital Wallet,False
101288,2024-12-20,950,Sports,Yoga Mat,4,27.16,0,108.64,108.64,Central,Website,Credit Card,False
100131,2024-12-21,312,Beauty,Face Serum,1,42.25,0,42.25,42.25,South,Mobile App,Credit Card,False
100408,2024-12-21,661,Home & Kitchen,Storage Containers,3,108.35,0,325.05,325.05,Central,Website,Credit Card,False
102261,2024-12-21,351,Sports,Dumbbell Set,1,84.13,15,84.13,71.51,Central,Website,Credit Card,False
100663,2024-12-21,1072,Home & Kitchen,Coffee Maker,2,50.17,10,100.34,90.31,East,Website,Credit Card,False
102906,2024-12-21,1050,Fashion,Running Shoes,1,31.78,0,31.78,31.78,West,Mobile App,Credit Card,False
101918,2024-12-21,873,Home & Kitchen,Non-Stick Pan Set,1,70.1,0,70.1,70.1,Central,Marketplace,Cash on Delivery,False
102001,2024-12-22,743,Fashion,Wool Sweater,1,35.03,15,35.03,29.78,North,Marketplace,Credit Card,False
100565,2024-12-22,384,Electronics,Laptop Stand,1,61.71,0,61.71,61.71,South,Mobile App,Digital Wallet,False
100941,2024-12-22,777,Fashion,Denim Jacket,1,113.01,10,113.01,101.71,North,Website,Debit Card,True
102026,2024-12-22,324,Fashion,Denim Jacket,1,24.83,0,24.83,24.83,South,Website,Credit Card,False
102453,2024-12-22,565,Home & Kitchen,Blender,1,53.72,0,53.72,53.72,South,Website,Digital Wallet,False
101019,2024-12-23,408,Electronics,Bluetooth Speaker,1,150.93,0,150.93,150.93,South,Mobile App,Debit Card,False
101536,2024-12-23,810,Home & Kitchen,Coffee Maker,1,34.65,0,34.65,34.65,West,Website,Debit Card,False
102759,2024-12-23,601,Electronics,Wireless Earbuds,1,158.2,0,158.2,158.2,South,Website,Credit Card,False
102941,2024-12-23,536,Beauty,Shampoo Bar,1,27.74,0,27.74,27.74,North,Website,Cash on Delivery,False
100554,2024-12-23,248,Beauty,Body Lotion,1,31.2,0,31.2,31.2,East,Mobile App,Credit Card,False
101663,2024-12-24,794,Electronics,Phone Case,1,127.55,5,127.55,121.17,North,Website,Cash on Delivery,False
102895,2024-12-25,417,Sports,Water Bottle,1,64.31,0,64.31,64.31,Central,Marketplace,Credit Card,False
102065,2024-12-25,1173,Fashion,Sunglasses,1,89.88,0,89.88,89.88,West,Marketplace,Credit Card,False
101118,2024-12-25,705,Fashion,Backpack,3,53.13,15,159.39,135.48,North,Website,Digital Wallet,False
101313,2024-12-25,783,Fashion,Running Shoes,1,60.23,15,60.23,51.2,Central,Marketplace,Digital Wallet,False
102901,2024-12-25,1063,Beauty,Makeup Brush Set,1,26.69,0,26.69,26.69,Central,Marketplace,Debit Card,False
101070,2024-12-25,389,Beauty,Makeup Brush Set,1,36.6,0,36.6,36.6,South,Mobile App,Cash on Delivery,False
102303,2024-12-25,626,Electronics,Phone Case,3,27.97,10,83.91,75.52,North,Mobile App,Digital Wallet,False
101432,2024-12-26,452,Electronics,Bluetooth Speaker,2,177.68,10,355.36,319.82,North,Website,Cash on Delivery,False
101494,2024-12-26,565,Beauty,Makeup Brush Set,1,36.41,15,36.41,30.95,West,Marketplace,Credit Card,False
100462,2024-12-26,334,Sports,Yoga Mat,1,21.14,0,21.14,21.14,North,Website,Credit Card,False
102965,2024-12-26,263,Electronics,Phone Case,1,148.52,0,148.52,148.52,Central,Website,Debit Card,False
101182,2024-12-27,1131,Home & Kitchen,Blender,3,34.99,10,104.97,94.47,South,Mobile App,Credit Card,False
100153,2024-12-27,682,Electronics,Smart Watch,2,151.97,0,303.94,303.94,North,Mobile App,Credit Card,False
102447,2024-12-27,545,Home & Kitchen,Coffee Maker,4,119.99,0,479.96,479.96,East,Website,Debit Card,False
102517,2024-12-28,716,Electronics,Laptop Stand,1,29.48,5,29.48,28.01,East,Website,Credit Card,False
102266,2024-12-28,493,Electronics,Laptop Stand,1,60.76,10,60.76,54.68,Central,Website,Credit Card,False
102893,2024-12-28,924,Home & Kitchen,Coffee Maker,1,34.64,0,34.64,34.64,South,Mobile App,Credit Card,False
100707,2024-12-28,244,Home & Kitchen,Blender,3,33.51,15,100.53,85.45,East,Mobile App,Debit Card,False
101355,2024-12-28,430,Home & Kitchen,Non-Stick Pan Set,1,122.79,20,122.79,98.23,South,Website,Credit Card,False
100109,2024-12-28,689,Electronics,Bluetooth Speaker,3,30.69,10,92.07,82.86,Central,Website,Cash on Delivery,False
101586,2024-12-28,975,Fashion,Denim Jacket,1,114.19,0,114.19,114.19,North,Website,Debit Card,False
101465,2024-12-28,185,Fashion,Denim Jacket,1,78.53,0,78.53,78.53,Central,Mobile App,Credit Card,False
100104,2024-12-29,311,Beauty,Body Lotion,1,49.12,5,49.12,46.66,Central,Mobile App,Credit Card,False
101792,2024-12-29,484,Electronics,Phone Case,1,130.43,0,130.43,130.43,West,Website,Credit Card,False
102960,2024-12-30,354,Sports,Resistance Bands,3,13.6,0,40.8,40.8,South,Website,Digital Wallet,False
102048,2024-12-30,557,Beauty,Makeup Brush Set,2,15.54,20,31.08,24.86,West,Mobile App,Credit Card,False
100900,2024-12-30,856,Electronics,USB-C Charger,2,66.17,10,132.34,119.11,East,Website,Debit Card,False
100763,2024-12-30,695,Electronics,Laptop Stand,1,169.28,5,169.28,160.82,Central,Marketplace,Credit Card,False
102570,2024-12-31,1073,Fashion,Sunglasses,2,74.11,5,148.22,140.81,North,Mobile App,Credit Card,False
102733,2025-01-01,94,Beauty,Shampoo Bar,2,45.82,10,91.64,82.48,West,Mobile App,Credit Card,False
102289,2025-01-01,818,Fashion,Denim Jacket,1,49.76,0,49.76,49.76,East,Marketplace,Digital Wallet,False
100616,2025-01-01,403,Home & Kitchen,Non-Stick Pan Set,1,40.69,0,40.69,40.69,Central,Website,Credit Card,False
100937,2025-01-01,807,Electronics,Laptop Stand,1,40.46,0,40.46,40.46,Central,Website,Digital Wallet,False
101375,2025-01-01,985,Home & Kitchen,Blender,1,119.05,0,119.05,119.05,Central,Website,Credit Card,False
101203,2025-01-02,438,Home & Kitchen,Coffee Maker,2,53.41,0,106.82,106.82,Central,Marketplace,Credit Card,False
101684,2025-01-02,931,Sports,Yoga Mat,1,65.78,0,65.78,65.78,Central,Mobile App,Digital Wallet,False
102849,2025-01-02,260,Home & Kitchen,Blender,1,44.78,0,44.78,44.78,South,Website,Digital Wallet,False
102506,2025-01-02,38,Electronics,Smart Watch,1,56.19,20,56.19,44.95,East,Mobile App,Credit Card,False
100179,2025-01-02,836,Sports,Water Bottle,1,72.6,20,72.6,58.08,South,Website,Credit Card,False
102935,2025-01-03,567,Fashion,Wool Sweater,1,29.88,0,29.88,29.88,North,Mobile App,Cash on Delivery,False
102092,2025-01-03,343,Electronics,Wireless Earbuds,2,54.39,0,108.78,108.78,East,Website,Debit Card,False
100047,2025-01-03,886,Electronics,Wireless Earbuds,3,59.66,0,178.98,178.98,Central,Website,Digital Wallet,False
102240,2025-01-03,32,Home & Kitchen,Non-Stick Pan Set,1,51.36,5,51.36,48.79,Central,Website,Digital Wallet,True
102975,2025-01-03,224,Home & Kitchen,Coffee Maker,1,39.8,0,39.8,39.8,West,Mobile App,Digital Wallet,False
101604,2025-01-03,100,Home & Kitchen,Storage Containers,1,61.86,0,61.86,61.86,East,Marketplace,Digital Wallet,False
101116,2025-01-03,1102,Fashion,Wool Sweater,1,86.87,5,86.87,82.53,East,Website,Credit Card,False
102697,2025-01-03,1032,Electronics,Bluetooth Speaker,1,129.84,10,129.84,116.86,East,Marketplace,Digital Wallet,True
101673,2025-01-04,589,Beauty,Body Lotion,1,39.76,0,39.76,39.76,West,Website,Digital Wallet,False
102607,2025-01-04,331,Fashion,Sunglasses,1,98.14,0,98.14,98.14,North,Website,Debit Card,False
102362,2025-01-04,816,Electronics,Phone Case,1,107.46,0,107.46,107.46,East,Mobile App,Debit Card,False
101085,2025-01-05,671,Fashion,Backpack,1,108.53,15,108.53,92.25,North,Mobile App,Credit Card,False
101230,2025-01-05,695,Sports,Yoga Mat,1,33.76,20,33.76,27.01,Central,Website,Digital Wallet,False
100631,2025-01-05,1076,Electronics,Smart Watch,4,103.8,0,415.2,415.2,South,Website,Debit Card,False
100096,2025-01-05,98,Electronics,USB-C Charger,1,154.75,15,154.75,131.54,East,Website,Debit Card,False
102466,2025-01-05,673,Fashion,Wool Sweater,1,23.31,15,23.31,19.81,East,Mobile App,Debit Card,False
100549,2025-01-06,338,Fashion,Denim Jacket,1,22.87,0,22.87,22.87,South,Website,Digital Wallet,False
102560,2025-01-06,285,Sports,Resistance Bands,1,54.98,0,54.98,54.98,East,Marketplace,Credit Card,False
100528,2025-01-07,728,Sports,Water Bottle,1,52.67,0,52.67,52.67,North,Marketplace,Debit Card,False
101428,2025-01-08,398,Home & Kitchen,Blender,2,66.9,0,133.8,133.8,West,Website,Credit Card,False
100404,2025-01-08,162,Electronics,USB-C Charger,1,125.82,0,125.82,125.82,South,Website,Digital Wallet,False
100052,2025-01-08,105,Beauty,Body Lotion,1,59.23,5,59.23,56.27,North,Marketplace,Digital Wallet,False
100014,2025-01-08,1137,Electronics,Wireless Earbuds,1,87.59,0,87.59,87.59,West,Website,Debit Card,False
101843,2025-01-09,319,Beauty,Shampoo Bar,1,34.18,5,34.18,32.47,West,Website,Debit Card,True
101574,2025-01-09,578,Sports,Resistance Bands,1,42.99,10,42.99,38.69,Central,Website,Digital Wallet,False
100418,2025-01-10,46,Electronics,USB-C Charger,2,179.47,10,358.94,323.05,West,Website,Cash on Delivery,False
100205,2025-01-10,66,Electronics,Smart Watch,1,50.05,15,50.05,42.54,South,Mobile App,Debit Card,False
101558,2025-01-10,691,Home & Kitchen,Air Fryer,2,57.88,0,115.76,115.76,West,Website,Cash on Delivery,False
100948,2025-01-10,847,Electronics,Laptop Stand,2,27.97,0,55.94,55.94,South,Mobile App,Credit Card,False
102456,2025-01-10,735,Home & Kitchen,Storage Containers,1,31.18,5,31.18,29.62,East,Website,Credit Card,False
102962,2025-01-11,441,Beauty,Body Lotion,1,23.25,10,23.25,20.92,South,Website,Credit Card,False
100772,2025-01-11,935,Home & Kitchen,Blender,1,33.44,0,33.44,33.44,Central,Mobile App,Debit Card,False
100066,2025-01-11,823,Electronics,Smart Watch,1,59.93,0,59.93,59.93,East,Website,Digital Wallet,False
100013,2025-01-11,684,Fashion,Running Shoes,2,100.89,0,201.78,201.78,East,Website,Credit Card,False
100308,2025-01-11,69,Fashion,Denim Jacket,1,89.98,0,89.98,89.98,West,Website,Credit Card,False
102441,2025-01-11,479,Electronics,Smart Watch,2,79.74,0,159.48,159.48,West,Mobile App,Cash on Delivery,False
102851,2025-01-12,1186,Beauty,Body Lotion,1,39.63,0,39.63,39.63,Central,Website,Debit Card,False
101994,2025-01-12,245,Fashion,Backpack,2,94.96,5,189.92,180.42,North,Website,Debit Card,False
100080,2025-01-12,420,Electronics,Phone Case,3,139.15,15,417.45,354.83,North,Website,Cash on Delivery,False
100232,2025-01-12,910,Home & Kitchen,Coffee Maker,1,142.42,5,142.42,135.3,South,Marketplace,Debit Card,False
102526,2025-01-13,1125,Electronics,Smart Watch,2,73.3,0,146.6,146.6,West,Website,Credit Card,False
101512,2025-01-13,202,Beauty,Face Serum,1,21.09,15,21.09,17.93,North,Mobile App,Credit Card,False
100242,2025-01-13,300,Beauty,Makeup Brush Set,1,23.72,0,23.72,23.72,North,Mobile App,Digital Wallet,False
102945,2025-01-13,4,Electronics,Wireless Earbuds,2,157.78,0,315.56,315.56,Central,Mobile App,Cash on Delivery,False
100073,2025-01-13,575,Fashion,Sunglasses,1,48.2,5,48.2,45.79,East,Mobile App,Debit Card,False
102550,2025-01-14,545,Beauty,Body Lotion,3,37.29,15,111.87,95.09,East,Website,Credit Card,False
101470,2025-01-14,149,Fashion,Backpack,1,25.9,10,25.9,23.31,East,Website,Debit Card,False
101765,2025-01-14,4,Electronics,Phone Case,1,173.99,0,173.99,173.99,West,Website,Debit Card,False
100108,2025-01-14,885,Home & Kitchen,Blender,4,137.48,5,549.92,522.42,West,Website,Cash on Delivery,False
102679,2025-01-14,999,Electronics,Smart Watch,1,37.82,10,37.82,34.04,North,Website,Credit Card,False
101173,2025-01-14,870,Sports,Resistance Bands,4,83.19,10,332.76,299.48,West,Website,Digital Wallet,False
100877,2025-01-15,715,Fashion,Denim Jacket,1,111.3,5,111.3,105.74,Central,Marketplace,Debit Card,False
100770,2025-01-15,983,Electronics,Laptop Stand,3,118.56,0,355.68,355.68,West,Marketplace,Credit Card,False
100665,2025-01-15,644,Sports,Resistance Bands,1,47.93,0,47.93,47.93,South,Website,Credit Card,False
100228,2025-01-16,397,Electronics,USB-C Charger,2,69.11,0,138.22,138.22,East,Mobile App,Digital Wallet,False
102371,2025-01-17,651,Electronics,Bluetooth Speaker,3,79.21,0,237.63,237.63,East,Website,Credit Card,False
101910,2025-01-17,1002,Home & Kitchen,Non-Stick Pan Set,2,90.03,0,180.06,180.06,South,Mobile App,Digital Wallet,False
102328,2025-01-17,966,Home & Kitchen,Air Fryer,2,115.87,0,231.74,231.74,West,Marketplace,Debit Card,False
102331,2025-01-17,564,Fashion,Sunglasses,1,60.12,10,60.12,54.11,East,Marketplace,Credit Card,False
102947,2025-01-17,227,Sports,Water Bottle,3,46.74,0,140.22,140.22,West,Mobile App,Credit Card,False
102217,2025-01-17,898,Home & Kitchen,Storage Containers,1,65.59,5,65.59,62.31,North,Mobile App,Digital Wallet,False
102346,2025-01-18,460,Home & Kitchen,Air Fryer,1,98.31,0,98.31,98.31,West,Website,Digital Wallet,False
102003,2025-01-18,793,Beauty,Face Serum,1,32.43,15,32.43,27.57,East,Website,Credit Card,False
100381,2025-01-18,122,Electronics,Phone Case,1,144.9,5,144.9,137.66,East,Website,Debit Card,False
100700,2025-01-18,664,Sports,Yoga Mat,2,54.54,0,109.08,109.08,West,Website,Debit Card,False
100201,2025-01-18,289,Sports,Yoga Mat,1,19.13,0,19.13,19.13,South,Website,Digital Wallet,False
101851,2025-01-19,145,Electronics,Laptop Stand,1,164.28,5,164.28,156.07,North,Website,Credit Card,False
100053,2025-01-19,677,Electronics,Smart Watch,1,132.22,5,132.22,125.61,East,Mobile App,Digital Wallet,False
102989,2025-01-19,255,Fashion,Backpack,4,109.01,10,436.04,392.44,North,Marketplace,Credit Card,False
102814,2025-01-19,898,Fashion,Wool Sweater,2,20.7,0,41.4,41.4,Central,Website,Digital Wallet,False
100957,2025-01-19,747,Beauty,Face Serum,1,13.69,0,13.69,13.69,Central,Website,Cash on Delivery,False
101267,2025-01-20,311,Electronics,Bluetooth Speaker,2,37.43,0,74.86,74.86,North,Mobile App,Debit Card,False
100698,2025-01-20,623,Electronics,Wireless Earbuds,1,87.62,0,87.62,87.62,West,Website,Debit Card,False
101569,2025-01-20,1122,Fashion,Wool Sweater,1,85.09,0,85.09,85.09,West,Website,Debit Card,False
101201,2025-01-20,10,Sports,Water Bottle,1,28.61,0,28.61,28.61,East,Mobile App,Digital Wallet,False
102439,2025-01-20,94,Beauty,Body Lotion,1,30.42,20,30.42,24.34,Central,Website,Digital Wallet,False
102183,2025-01-21,538,Home & Kitchen,Non-Stick Pan Set,1,101.26,0,101.26,101.26,Central,Website,Debit Card,False
101881,2025-01-21,557,Fashion,Wool Sweater,3,58.31,0,174.93,174.93,West,Website,Credit Card,False
100552,2025-01-21,271,Home & Kitchen,Air Fryer,1,108.73,5,108.73,103.29,West,Website,Credit Card,False
101815,2025-01-21,339,Electronics,Phone Case,1,172.11,5,172.11,163.5,West,Mobile App,Debit Card,False
101625,2025-01-22,485,Fashion,Sunglasses,1,116.01,0,116.01,116.01,East,Marketplace,Digital Wallet,False
101729,2025-01-22,18,Electronics,Laptop Stand,2,43.02,10,86.04,77.44,East,Mobile App,Credit Card,False
101842,2025-01-23,374,Electronics,Smart Watch,2,25.43,5,50.86,48.32,South,Marketplace,Debit Card,False
101527,2025-01-23,265,Fashion,Denim Jacket,1,58.66,0,58.66,58.66,West,Mobile App,Credit Card,False
101728,2025-01-23,261,Electronics,Laptop Stand,3,50.31,15,150.93,128.29,Central,Website,Digital Wallet,False
100879,2025-01-24,846,Fashion,Sunglasses,1,25.46,10,25.46,22.91,West,Website,Credit Card,False
101706,2025-01-24,1084,Electronics,Phone Case,1,123.93,0,123.93,123.93,Central,Website,Digital Wallet,False
101506,2025-01-25,6,Fashion,Sunglasses,1,117.5,0,117.5,117.5,North,Website,Cash on Delivery,False
100102,2025-01-25,990,Electronics,USB-C Charger,1,138.31,0,138.31,138.31,East,Marketplace,Debit Card,False
101376,2025-01-25,707,Electronics,Smart Watch,1,127.26,0,127.26,127.26,East,Website,Credit Card,False
101011,2025-01-25,155,Fashion,Wool Sweater,1,68.13,5,68.13,64.72,North,Marketplace,Credit Card,False
100497,2025-01-26,469,Home & Kitchen,Blender,1,101.04,0,101.04,101.04,South,Website,Debit Card,False
102463,2025-01-26,80,Home & Kitchen,Storage Containers,2,46.35,0,92.7,92.7,Central,Website,Credit Card,False
102921,2025-01-26,1000,Home & Kitchen,Coffee Maker,1,124.5,0,124.5,124.5,South,Marketplace,Cash on Delivery,False
101770,2025-01-26,1077,Sports,Yoga Mat,1,84.46,0,84.46,84.46,East,Marketplace,Digital Wallet,True
101304,2025-01-26,372,Home & Kitchen,Blender,1,58.15,0,58.15,58.15,West,Website,Cash on Delivery,True
102332,2025-01-27,1106,Beauty,Makeup Brush Set,2,14.64,15,29.28,24.89,North,Mobile App,Debit Card,False
100704,2025-01-27,218,Electronics,USB-C Charger,2,113.64,0,227.28,227.28,West,Mobile App,Debit Card,False
102916,2025-01-27,542,Fashion,Running Shoes,1,82.48,5,82.48,78.36,East,Mobile App,Digital Wallet,False
100216,2025-01-27,888,Beauty,Face Serum,1,54.74,10,54.74,49.27,East,Mobile App,Credit Card,False
100590,2025-01-27,115,Sports,Yoga Mat,1,13.99,0,13.99,13.99,North,Website,Credit Card,False
101922,2025-01-28,906,Sports,Dumbbell Set,1,54.92,0,54.92,54.92,South,Website,Debit Card,False
102013,2025-01-28,590,Beauty,Body Lotion,1,51.95,10,51.95,46.76,West,Website,Credit Card,False
101968,2025-01-28,867,Fashion,Backpack,1,48.58,15,48.58,41.29,East,Marketplace,Debit Card,False
100521,2025-01-28,1054,Electronics,Phone Case,1,177.48,0,177.48,177.48,West,Marketplace,Debit Card,True
101853,2025-01-29,597,Sports,Yoga Mat,1,25.04,0,25.04,25.04,Central,Mobile App,Debit Card,True
101758,2025-01-29,918,Beauty,Shampoo Bar,1,12.56,0,12.56,12.56,South,Website,Digital Wallet,False
101768,2025-01-29,965,Home & Kitchen,Coffee Maker,1,24.28,10,24.28,21.85,East,Mobile App,Digital Wallet,False
100658,2025-01-29,790,Fashion,Running Shoes,1,99.88,10,99.88,89.89,Central,Mobile App,Credit Card,False
101761,2025-01-29,1074,Electronics,Phone Case,1,42.78,10,42.78,38.5,North,Mobile App,Credit Card,False
100989,2025-01-29,511,Home & Kitchen,Storage Containers,1,33.1,0,33.1,33.1,West,Website,Digital Wallet,False
102694,2025-01-29,1038,Home & Kitchen,Coffee Maker,2,34.53,0,69.06,69.06,South,Mobile App,Debit Card,False
101930,2025-01-29,807,Home & Kitchen,Non-Stick Pan Set,1,57.67,5,57.67,54.79,Central,Mobile App,Debit Card,False
100681,2025-01-30,1055,Home & Kitchen,Blender,1,86.3,15,86.3,73.35,South,Mobile App,Digital Wallet,False
102154,2025-01-30,529,Electronics,Phone Case,3,110.53,0,331.59,331.59,Central,Website,Credit Card,False
101828,2025-01-30,217,Beauty,Body Lotion,4,32.27,0,129.08,129.08,Central,Mobile App,Digital Wallet,False
101464,2025-01-30,1182,Electronics,USB-C Charger,1,78.93,5,78.93,74.98,South,Website,Debit Card,False
102484,2025-01-30,175,Beauty,Face Serum,3,28.5,5,85.5,81.22,West,Mobile App,Digital Wallet,False
101462,2025-01-30,160,Electronics,Wireless Earbuds,1,56.04,0,56.04,56.04,South,Marketplace,Debit Card,False
100042,2025-01-30,398,Home & Kitchen,Blender,3,47.65,10,142.95,128.66,Central,Marketplace,Cash on Delivery,False
102247,2025-01-30,205,Electronics,Laptop Stand,1,178.22,0,178.22,178.22,East,Website,Debit Card,False
101957,2025-01-30,36,Electronics,Smart Watch,1,167.2,0,167.2,167.2,East,Website,Digital Wallet,False
101242,2025-01-31,329,Electronics,Phone Case,1,136.41,5,136.41,129.59,Central,Website,Digital Wallet,False
100175,2025-01-31,232,Electronics,Wireless Earbuds,3,127.1,10,381.3,343.17,Central,Website,Cash on Delivery,False
102260,2025-01-31,588,Electronics,Smart Watch,2,158.93,0,317.86,317.86,East,Mobile App,Debit Card,False
102703,2025-01-31,671,Fashion,Denim Jacket,1,66.28,0,66.28,66.28,North,Mobile App,Cash on Delivery,False
102044,2025-01-31,542,Electronics,Wireless Earbuds,1,165.72,0,165.72,165.72,East,Mobile App,Debit Card,False
102199,2025-02-01,509,Fashion,Running Shoes,3,96.84,10,290.52,261.47,North,Mobile App,Credit Card,False
100022,2025-02-01,470,Home & Kitchen,Non-Stick Pan Set,2,67.64,5,135.28,128.52,North,Mobile App,Debit Card,False
102499,2025-02-01,1055,Home & Kitchen,Non-Stick Pan Set,2,50.29,5,100.58,95.55,East,Marketplace,Digital Wallet,False
101227,2025-02-02,739,Beauty,Makeup Brush Set,1,52.36,0,52.36,52.36,East,Website,Credit Card,False
101788,2025-02-02,993,Electronics,USB-C Charger,2,35.18,0,70.36,70.36,Central,Website,Digital Wallet,False
102029,2025-02-02,966,Home & Kitchen,Blender,1,87.83,10,87.83,79.05,North,Website,Digital Wallet,True
102872,2025-02-02,881,Sports,Resistance Bands,1,81.17,0,81.17,81.17,North,Website,Digital Wallet,False
101218,2025-02-02,1098,Home & Kitchen,Coffee Maker,2,22.05,10,44.1,39.69,North,Mobile App,Cash on Delivery,False
102663,2025-02-03,6,Fashion,Sunglasses,1,102.24,0,102.24,102.24,Central,Website,Debit Card,False
101468,2025-02-03,382,Beauty,Makeup Brush Set,3,19.56,20,58.68,46.94,West,Marketplace,Credit Card,False
100198,2025-02-03,250,Beauty,Shampoo Bar,1,51.93,0,51.93,51.93,West,Website,Credit Card,False
101747,2025-02-04,1018,Fashion,Running Shoes,1,75.93,0,75.93,75.93,East,Mobile App,Debit Card,False
101561,2025-02-04,285,Home & Kitchen,Coffee Maker,2,43.46,0,86.92,86.92,Central,Website,Credit Card,False
100056,2025-02-04,798,Electronics,USB-C Charger,2,121.15,0,242.3,242.3,West,Marketplace,Debit Card,False
101985,2025-02-04,571,Electronics,Smart Watch,1,59.91,10,59.91,53.92,South,Website,Cash on Delivery,False
100058,2025-02-04,111,Home & Kitchen,Non-Stick Pan Set,1,28.61,5,28.61,27.18,South,Website,Debit Card,False
101125,2025-02-04,308,Electronics,Phone Case,1,168.46,10,168.46,151.61,Central,Website,Digital Wallet,False
100103,2025-02-05,936,Fashion,Running Shoes,1,83.27,0,83.27,83.27,Central,Website,Digital Wallet,False
100666,2025-02-05,394,Sports,Dumbbell Set,1,85.08,0,85.08,85.08,West,Mobile App,Digital Wallet,False
101026,2025-02-05,930,Home & Kitchen,Non-Stick Pan Set,2,26.66,0,53.32,53.32,North,Marketplace,Debit Card,False
102657,2025-02-06,485,Home & Kitchen,Coffee Maker,1,57.68,0,57.68,57.68,South,Mobile App,Credit Card,False
100901,2025-02-06,1162,Fashion,Sunglasses,1,41.31,0,41.31,41.31,Central,Marketplace,Digital Wallet,False
101733,2025-02-06,1186,Electronics,Bluetooth Speaker,2,32.61,0,65.22,65.22,Central,Mobile App,Credit Card,False
101314,2025-02-07,580,Electronics,Bluetooth Speaker,1,160.26,0,160.26,160.26,Central,Website,Digital Wallet,False
100282,2025-02-07,693,Beauty,Makeup Brush Set,1,11.0,0,11.0,11.0,North,Mobile App,Credit Card,False
100838,2025-02-07,813,Electronics,Phone Case,1,134.26,5,134.26,127.55,Central,Website,Credit Card,False
102503,2025-02-07,1000,Home & Kitchen,Non-Stick Pan Set,3,47.82,0,143.46,143.46,West,Mobile App,Credit Card,False
100867,2025-02-08,1030,Beauty,Face Serum,1,21.57,15,21.57,18.33,East,Mobile App,Debit Card,False
102649,2025-02-08,25,Fashion,Wool Sweater,2,69.92,5,139.84,132.85,North,Website,Digital Wallet,False
102936,2025-02-09,1192,Electronics,Laptop Stand,1,117.07,5,117.07,111.22,East,Website,Debit Card,False
101597,2025-02-09,594,Home & Kitchen,Coffee Maker,1,130.88,0,130.88,130.88,East,Website,Credit Card,False
100164,2025-02-09,1182,Home & Kitchen,Non-Stick Pan Set,1,130.69,15,130.69,111.09,South,Mobile App,Debit Card,False
102688,2025-02-09,616,Home & Kitchen,Blender,2,136.7,0,273.4,273.4,East,Mobile App,Credit Card,False
100343,2025-02-09,780,Home & Kitchen,Coffee Maker,1,128.86,0,128.86,128.86,North,Mobile App,Digital Wallet,False
102404,2025-02-09,437,Fashion,Denim Jacket,1,70.61,5,70.61,67.08,South,Mobile App,Credit Card,False
101361,2025-02-10,775,Sports,Yoga Mat,1,70.35,0,70.35,70.35,West,Mobile App,Credit Card,False
102524,2025-02-10,555,Electronics,Laptop Stand,4,102.63,0,410.52,410.52,East,Website,Digital Wallet,False
100895,2025-02-10,706,Electronics,Phone Case,2,167.99,10,335.98,302.38,West,Mobile App,Credit Card,False
101557,2025-02-11,194,Home & Kitchen,Coffee Maker,2,96.6,10,193.2,173.88,North,Mobile App,Debit Card,False
101796,2025-02-11,578,Electronics,USB-C Charger,1,98.15,0,98.15,98.15,West,Marketplace,Digital Wallet,False
100947,2025-02-11,661,Beauty,Shampoo Bar,1,31.19,5,31.19,29.63,Central,Website,Cash on Delivery,False
100488,2025-02-11,1158,Beauty,Shampoo Bar,1,31.19,0,31.19,31.19,South,Mobile App,Debit Card,False
101545,2025-02-12,932,Sports,Resistance Bands,1,83.77,0,83.77,83.77,North,Mobile App,Credit Card,False
102450,2025-02-12,746,Beauty,Shampoo Bar,2,45.7,0,91.4,91.4,South,Website,Credit Card,False
101406,2025-02-13,569,Electronics,Phone Case,1,59.89,5,59.89,56.9,South,Mobile App,Credit Card,False
102194,2025-02-13,757,Home & Kitchen,Coffee Maker,2,104.03,0,208.06,208.06,Central,Mobile App,Cash on Delivery,False
102459,2025-02-13,540,Home & Kitchen,Blender,2,77.88,0,155.76,155.76,South,Mobile App,Digital Wallet,False
102002,2025-02-13,352,Home & Kitchen,Non-Stick Pan Set,1,36.42,5,36.42,34.6,West,Mobile App,Debit Card,False
102084,2025-02-13,740,Fashion,Wool Sweater,1,100.04,0,100.04,100.04,North,Website,Cash on Delivery,False
102575,2025-02-14,630,Sports,Water Bottle,1,36.0,10,36.0,32.4,North,Mobile App,Credit Card,False
102119,2025-02-14,791,Fashion,Running Shoes,1,93.54,0,93.54,93.54,East,Website,Credit Card,False
102551,2025-02-14,1197,Sports,Dumbbell Set,1,57.03,0,57.03,57.03,South,Marketplace,Cash on Delivery,False
100273,2025-02-15,686,Fashion,Running Shoes,2,51.25,0,102.5,102.5,West,Mobile App,Credit Card,False
102730,2025-02-16,720,Beauty,Makeup Brush Set,2,51.33,0,102.66,102.66,Central,Website,Credit Card,False
100760,2025-02-16,90,Electronics,Wireless Earbuds,2,46.94,0,93.88,93.88,North,Mobile App,Debit Card,False
101047,2025-02-16,372,Sports,Water Bottle,1,21.21,0,21.21,21.21,West,Website,Credit Card,False
102050,2025-02-16,725,Home & Kitchen,Coffee Maker,2,51.32,5,102.64,97.51,Central,Mobile App,Credit Card,False
100627,2025-02-18,1127,Fashion,Sunglasses,2,101.65,0,203.3,203.3,North,Website,Cash on Delivery,False
101804,2025-02-18,161,Home & Kitchen,Coffee Maker,2,85.67,10,171.34,154.21,North,Mobile App,Digital Wallet,False
101833,2025-02-18,573,Beauty,Body Lotion,1,9.49,0,9.49,9.49,South,Mobile App,Debit Card,False
101145,2025-02-18,412,Electronics,Wireless Earbuds,1,67.48,0,67.48,67.48,Central,Mobile App,Credit Card,False
101940,2025-02-19,291,Electronics,Laptop Stand,2,148.6,0,297.2,297.2,North,Website,Credit Card,False
101889,2025-02-19,586,Fashion,Denim Jacket,1,68.27,10,68.27,61.44,North,Website,Credit Card,False
102573,2025-02-19,826,Fashion,Backpack,1,33.95,10,33.95,30.56,South,Website,Credit Card,False
102067,2025-02-19,55,Fashion,Denim Jacket,4,15.1,0,60.4,60.4,South,Website,Digital Wallet,True
100723,2025-02-20,601,Home & Kitchen,Non-Stick Pan Set,4,28.63,0,114.52,114.52,South,Website,Cash on Delivery,False
100735,2025-02-20,853,Electronics,USB-C Charger,1,124.09,0,124.09,124.09,East,Marketplace,Digital Wallet,False
102862,2025-02-20,910,Home & Kitchen,Coffee Maker,1,140.5,5,140.5,133.48,West,Website,Debit Card,False
101546,2025-02-21,941,Home & Kitchen,Blender,1,81.74,0,81.74,81.74,Central,Mobile App,Credit Card,False
101543,2025-02-21,891,Electronics,Bluetooth Speaker,1,29.42,0,29.42,29.42,North,Marketplace,Credit Card,False
101898,2025-02-21,661,Electronics,Wireless Earbuds,2,80.95,20,161.9,129.52,Central,Marketplace,Debit Card,False
100992,2025-02-22,1188,Electronics,Phone Case,2,177.71,0,355.42,355.42,Central,Mobile App,Debit Card,False
102114,2025-02-22,1145,Home & Kitchen,Storage Containers,2,27.72,0,55.44,55.44,West,Website,Digital Wallet,False
101093,2025-02-22,104,Home & Kitchen,Coffee Maker,1,69.52,0,69.52,69.52,East,Mobile App,Debit Card,False
102219,2025-02-23,579,Home & Kitchen,Blender,1,147.95,5,147.95,140.55,Central,Website,Cash on Delivery,False
102185,2025-02-23,477,Sports,Yoga Mat,1,14.28,5,14.28,13.57,Central,Website,Digital Wallet,False
100695,2025-02-23,606,Electronics,Wireless Earbuds,1,69.06,0,69.06,69.06,West,Marketplace,Cash on Delivery,False
100722,2025-02-23,46,Home & Kitchen,Coffee Maker,2,25.28,10,50.56,45.5,North,Mobile App,Debit Card,False
100350,2025-02-23,96,Fashion,Sunglasses,2,37.1,0,74.2,74.2,South,Mobile App,Digital Wallet,False
102882,2025-02-23,956,Home & Kitchen,Storage Containers,1,31.42,5,31.42,29.85,South,Website,Digital Wallet,False
102355,2025-02-23,344,Electronics,Laptop Stand,4,58.27,0,233.08,233.08,North,Mobile App,Credit Card,False
100766,2025-02-23,445,Electronics,Wireless Earbuds,2,151.38,0,302.76,302.76,South,Mobile App,Credit Card,False
101966,2025-02-24,366,Sports,Yoga Mat,1,74.6,10,74.6,67.14,North,Marketplace,Digital Wallet,False
102665,2025-02-24,445,Electronics,Smart Watch,1,83.39,0,83.39,83.39,North,Mobile App,Digital Wallet,False
100509,2025-02-24,189,Sports,Yoga Mat,1,47.48,20,47.48,37.98,Central,Website,Credit Card,False
101040,2025-02-24,917,Beauty,Body Lotion,2,39.85,10,79.7,71.73,North,Website,Digital Wallet,False
102803,2025-02-24,856,Home & Kitchen,Blender,1,71.4,0,71.4,71.4,West,Website,Credit Card,False
102490,2025-02-24,117,Fashion,Sunglasses,2,85.83,0,171.66,171.66,East,Website,Debit Card,False
102363,2025-02-24,671,Beauty,Makeup Brush Set,1,11.03,15,11.03,9.38,Central,Mobile App,Credit Card,False
102949,2025-02-25,848,Fashion,Running Shoes,1,20.88,5,20.88,19.84,North,Mobile App,Digital Wallet,False
100171,2025-02-25,598,Home & Kitchen,Storage Containers,1,135.26,0,135.26,135.26,East,Website,Digital Wallet,False
100738,2025-02-26,74,Home & Kitchen,Storage Containers,1,63.7,0,63.7,63.7,North,Mobile App,Digital Wallet,False
102934,2025-02-26,503,Fashion,Wool Sweater,1,52.7,0,52.7,52.7,South,Marketplace,Digital Wallet,False
101519,2025-02-26,247,Home & Kitchen,Coffee Maker,1,44.65,15,44.65,37.95,West,Website,Digital Wallet,False
101534,2025-02-26,455,Sports,Water Bottle,1,68.86,0,68.86,68.86,South,Website,Debit Card,False
101681,2025-02-26,875,Beauty,Makeup Brush Set,1,10.02,0,10.02,10.02,South,Mobile App,Debit Card,False
100986,2025-02-26,29,Home & Kitchen,Coffee Maker,1,133.15,0,133.15,133.15,North,Mobile App,Cash on Delivery,False
102386,2025-02-27,1088,Electronics,Smart Watch,1,87.36,0,87.36,87.36,North,Mobile App,Credit Card,False
102866,2025-02-27,727,Home & Kitchen,Storage Containers,2,87.29,5,174.58,165.85,North,Mobile App,Debit Card,False
100137,2025-02-27,844,Fashion,Sunglasses,1,116.83,0,116.83,116.83,East,Website,Credit Card,False
100840,2025-02-27,259,Sports,Resistance Bands,4,24.87,20,99.48,79.58,Central,Website,Credit Card,False
100816,2025-02-27,620,Electronics,Wireless Earbuds,1,75.79,0,75.79,75.79,East,Mobile App,Credit Card,False
102281,2025-02-27,114,Fashion,Denim Jacket,2,40.97,0,81.94,81.94,Central,Website,Credit Card,False
100364,2025-02-27,227,Sports,Resistance Bands,1,39.27,5,39.27,37.31,East,Mobile App,Digital Wallet,False
102687,2025-02-27,908,Sports,Water Bottle,1,40.6,5,40.6,38.57,Central,Mobile App,Credit Card,False
102309,2025-03-01,80,Beauty,Face Serum,3,48.76,5,146.28,138.97,West,Mobile App,Digital Wallet,False
102100,2025-03-01,457,Electronics,Wireless Earbuds,1,66.74,10,66.74,60.07,East,Mobile App,Debit Card,False
100143,2025-03-02,814,Fashion,Denim Jacket,2,40.64,10,81.28,73.15,North,Website,Cash on Delivery,False
100279,2025-03-02,1180,Fashion,Backpack,2,115.82,10,231.64,208.48,West,Website,Credit Card,False
102787,2025-03-02,254,Beauty,Makeup Brush Set,4,37.87,20,151.48,121.18,Central,Website,Cash on Delivery,False
102889,2025-03-02,608,Beauty,Makeup Brush Set,1,8.17,5,8.17,7.76,South,Website,Digital Wallet,False
102721,2025-03-04,399,Beauty,Shampoo Bar,1,44.33,0,44.33,44.33,North,Website,Credit Card,False
101802,2025-03-04,204,Electronics,Phone Case,1,162.56,0,162.56,162.56,West,Mobile App,Digital Wallet,False
102800,2025-03-04,801,Beauty,Makeup Brush Set,1,49.49,0,49.49,49.49,Central,Mobile App,Digital Wallet,False
101971,2025-03-04,1156,Sports,Resistance Bands,1,33.14,10,33.14,29.83,North,Mobile App,Cash on Delivery,False
102160,2025-03-04,1008,Sports,Dumbbell Set,1,60.65,0,60.65,60.65,North,Mobile App,Credit Card,False
102089,2025-03-05,1101,Sports,Water Bottle,2,84.56,0,169.12,169.12,East,Website,Digital Wallet,False
101380,2025-03-05,769,Electronics,Phone Case,1,118.88,0,118.88,118.88,East,Marketplace,Credit Card,False
101873,2025-03-05,754,Sports,Yoga Mat,1,42.7,0,42.7,42.7,Central,Marketplace,Cash on Delivery,True
101062,2025-03-05,154,Electronics,USB-C Charger,2,176.41,0,352.82,352.82,West,Mobile App,Debit Card,False
102918,2025-03-06,933,Home & Kitchen,Storage Containers,1,115.77,10,115.77,104.19,North,Mobile App,Digital Wallet,False
102779,2025-03-07,72,Sports,Dumbbell Set,1,29.27,0,29.27,29.27,North,Mobile App,Digital Wallet,False
101548,2025-03-08,164,Home & Kitchen,Non-Stick Pan Set,1,100.34,20,100.34,80.27,North,Mobile App,Digital Wallet,False
101829,2025-03-09,920,Fashion,Wool Sweater,1,30.15,0,30.15,30.15,West,Website,Debit Card,False
102075,2025-03-09,581,Beauty,Makeup Brush Set,1,33.29,0,33.29,33.29,East,Website,Digital Wallet,False
100239,2025-03-09,262,Home & Kitchen,Blender,1,89.15,0,89.15,89.15,East,Website,Credit Card,False
100944,2025-03-09,680,Fashion,Sunglasses,1,22.59,0,22.59,22.59,East,Website,Debit Card,False
102283,2025-03-09,289,Beauty,Face Serum,2,57.99,0,115.98,115.98,North,Mobile App,Digital Wallet,False
102039,2025-03-10,1033,Fashion,Running Shoes,1,92.98,0,92.98,92.98,North,Website,Credit Card,False
100406,2025-03-10,871,Fashion,Backpack,2,81.51,0,163.02,163.02,West,Mobile App,Credit Card,False
100057,2025-03-10,900,Sports,Dumbbell Set,1,53.8,15,53.8,45.73,South,Marketplace,Cash on Delivery,False
101610,2025-03-10,665,Home & Kitchen,Storage Containers,1,31.48,0,31.48,31.48,Central,Marketplace,Credit Card,False
101097,2025-03-10,259,Electronics,Smart Watch,1,124.45,15,124.45,105.78,North,Mobile App,Credit Card,False
101683,2025-03-11,1054,Home & Kitchen,Air Fryer,1,111.66,0,111.66,111.66,West,Mobile App,Digital Wallet,False
101748,2025-03-11,147,Electronics,Phone Case,1,62.57,15,62.57,53.18,Central,Marketplace,Credit Card,True
100178,2025-03-11,138,Beauty,Makeup Brush Set,1,48.76,0,48.76,48.76,Central,Mobile App,Digital Wallet,True
102397,2025-03-12,855,Electronics,Wireless Earbuds,1,134.37,0,134.37,134.37,East,Website,Credit Card,False
101836,2025-03-12,647,Sports,Dumbbell Set,2,46.44,0,92.88,92.88,East,Marketplace,Cash on Delivery,False
101005,2025-03-12,39,Fashion,Denim Jacket,1,64.28,0,64.28,64.28,South,Website,Credit Card,False
101617,2025-03-12,1154,Electronics,USB-C Charger,1,35.61,0,35.61,35.61,East,Website,Digital Wallet,False
102618,2025-03-13,555,Home & Kitchen,Storage Containers,1,91.21,5,91.21,86.65,West,Mobile App,Debit Card,False
102045,2025-03-13,918,Beauty,Body Lotion,1,32.91,0,32.91,32.91,South,Website,Credit Card,False
100376,2025-03-13,897,Home & Kitchen,Coffee Maker,2,24.13,0,48.26,48.26,South,Website,Credit Card,False
101712,2025-03-14,558,Sports,Dumbbell Set,3,60.26,0,180.78,180.78,South,Marketplace,Digital Wallet,True
102628,2025-03-14,865,Electronics,Bluetooth Speaker,1,50.47,20,50.47,40.38,North,Marketplace,Credit Card,False
102146,2025-03-14,1031,Fashion,Running Shoes,1,58.71,10,58.71,52.84,South,Website,Debit Card,False
100995,2025-03-14,1048,Fashion,Denim Jacket,1,61.43,20,61.43,49.14,South,Website,Credit Card,False
102487,2025-03-14,1087,Home & Kitchen,Non-Stick Pan Set,1,28.4,0,28.4,28.4,East,Website,Credit Card,False
100607,2025-03-14,1102,Electronics,Smart Watch,1,100.54,15,100.54,85.46,West,Mobile App,Credit Card,False
101105,2025-03-15,365,Electronics,Laptop Stand,1,84.48,5,84.48,80.26,South,Website,Digital Wallet,False
100121,2025-03-15,570,Home & Kitchen,Storage Containers,2,138.24,20,276.48,221.18,East,Website,Cash on Delivery,False
100415,2025-03-16,627,Electronics,Laptop Stand,2,101.27,0,202.54,202.54,West,Mobile App,Debit Card,False
100339,2025-03-17,74,Fashion,Wool Sweater,1,105.77,0,105.77,105.77,Central,Mobile App,Digital Wallet,False
102389,2025-03-17,172,Fashion,Denim Jacket,1,100.7,10,100.7,90.63,South,Marketplace,Cash on Delivery,False
100093,2025-03-17,34,Sports,Resistance Bands,1,31.78,15,31.78,27.01,Central,Mobile App,Debit Card,False
102675,2025-03-17,103,Sports,Resistance Bands,1,12.68,0,12.68,12.68,East,Website,Debit Card,False
102894,2025-03-17,630,Fashion,Denim Jacket,1,15.22,0,15.22,15.22,East,Mobile App,Digital Wallet,False
100310,2025-03-18,490,Electronics,Smart Watch,1,86.6,0,86.6,86.6,East,Mobile App,Credit Card,False
100639,2025-03-18,996,Electronics,Wireless Earbuds,1,143.78,10,143.78,129.4,East,Mobile App,Debit Card,False
101823,2025-03-18,1094,Electronics,Smart Watch,2,73.88,0,147.76,147.76,West,Mobile App,Credit Card,False
102169,2025-03-18,380,Electronics,Smart Watch,1,57.57,15,57.57,48.93,North,Website,Digital Wallet,False
101459,2025-03-18,590,Home & Kitchen,Blender,2,112.89,0,225.78,225.78,East,Marketplace,Debit Card,False
100088,2025-03-18,1144,Home & Kitchen,Coffee Maker,1,123.99,5,123.99,117.79,South,Mobile App,Cash on Delivery,False
101381,2025-03-19,73,Beauty,Shampoo Bar,1,35.25,0,35.25,35.25,Central,Mobile App,Digital Wallet,False
102699,2025-03-19,295,Fashion,Running Shoes,1,45.94,0,45.94,45.94,Central,Mobile App,Digital Wallet,False
100041,2025-03-20,885,Sports,Dumbbell Set,3,38.39,5,115.17,109.41,West,Mobile App,Debit Card,False
101716,2025-03-20,775,Electronics,Bluetooth Speaker,1,47.59,5,47.59,45.21,West,Website,Digital Wallet,False
100904,2025-03-21,1197,Home & Kitchen,Storage Containers,2,128.44,0,256.88,256.88,South,Website,Debit Card,False
101141,2025-03-21,1076,Fashion,Backpack,1,26.44,15,26.44,22.47,Central,Mobile App,Digital Wallet,False
100582,2025-03-21,944,Electronics,Smart Watch,1,153.92,0,153.92,153.92,West,Mobile App,Debit Card,False
102298,2025-03-21,388,Fashion,Running Shoes,2,40.01,0,80.02,80.02,South,Mobile App,Digital Wallet,False
102635,2025-03-22,989,Sports,Water Bottle,1,28.44,15,28.44,24.17,Central,Marketplace,Digital Wallet,False
100387,2025-03-22,726,Electronics,Phone Case,1,135.49,0,135.49,135.49,North,Mobile App,Credit Card,False
100550,2025-03-22,126,Electronics,Laptop Stand,2,177.28,0,354.56,354.56,East,Website,Credit Card,False
101179,2025-03-22,72,Home & Kitchen,Blender,2,40.56,0,81.12,81.12,Central,Mobile App,Digital Wallet,False
102708,2025-03-22,537,Electronics,Wireless Earbuds,1,74.38,0,74.38,74.38,North,Website,Cash on Delivery,False
102121,2025-03-22,747,Beauty,Body Lotion,3,12.71,5,38.13,36.22,North,Marketplace,Digital Wallet,True
101679,2025-03-23,466,Beauty,Shampoo Bar,2,35.32,0,70.64,70.64,Central,Mobile App,Cash on Delivery,False
101502,2025-03-23,756,Fashion,Running Shoes,1,51.16,0,51.16,51.16,North,Mobile App,Credit Card,False
102094,2025-03-23,585,Beauty,Makeup Brush Set,1,59.45,5,59.45,56.48,South,Website,Credit Card,False
101442,2025-03-24,762,Electronics,Bluetooth Speaker,1,30.69,10,30.69,27.62,West,Website,Debit Card,False
102345,2025-03-24,91,Fashion,Running Shoes,1,24.55,0,24.55,24.55,West,Mobile App,Debit Card,True
102159,2025-03-24,231,Fashion,Denim Jacket,1,33.08,0,33.08,33.08,South,Website,Credit Card,False
102606,2025-03-25,317,Electronics,Wireless Earbuds,2,126.73,5,253.46,240.79,Central,Marketplace,Debit Card,False
101092,2025-03-25,711,Fashion,Wool Sweater,1,110.72,0,110.72,110.72,West,Website,Debit Card,False
101016,2025-03-25,834,Beauty,Makeup Brush Set,1,53.45,0,53.45,53.45,East,Mobile App,Credit Card,False
102686,2025-03-25,691,Fashion,Wool Sweater,2,93.61,0,187.22,187.22,East,Website,Credit Card,False
101360,2025-03-25,1070,Home & Kitchen,Blender,1,24.52,0,24.52,24.52,North,Mobile App,Debit Card,False
102760,2025-03-26,26,Fashion,Backpack,1,92.12,5,92.12,87.51,East,Mobile App,Credit Card,False
102249,2025-03-26,821,Electronics,USB-C Charger,2,179.51,5,359.02,341.07,East,Mobile App,Credit Card,False
102664,2025-03-26,518,Fashion,Denim Jacket,2,84.46,0,168.92,168.92,North,Website,Credit Card,False
101410,2025-03-26,740,Sports,Water Bottle,1,46.66,0,46.66,46.66,West,Marketplace,Digital Wallet,False
100356,2025-03-26,906,Electronics,USB-C Charger,2,88.02,5,176.04,167.24,North,Mobile App,Credit Card,False
100736,2025-03-27,451,Fashion,Backpack,2,35.49,0,70.98,70.98,East,Marketplace,Cash on Delivery,False
102069,2025-03-27,952,Home & Kitchen,Coffee Maker,1,95.42,0,95.42,95.42,East,Mobile App,Credit Card,False
101877,2025-03-27,620,Electronics,Wireless Earbuds,2,30.69,0,61.38,61.38,South,Website,Credit Card,False
102482,2025-03-27,646,Electronics,Bluetooth Speaker,3,97.87,0,293.61,293.61,West,Website,Digital Wallet,False
102395,2025-03-27,36,Sports,Yoga Mat,2,13.59,15,27.18,23.1,South,Mobile App,Credit Card,False
100089,2025-03-27,147,Sports,Resistance Bands,1,26.4,15,26.4,22.44,South,Website,Credit Card,False
102899,2025-03-28,251,Fashion,Wool Sweater,1,104.38,0,104.38,104.38,West,Mobile App,Digital Wallet,False
101844,2025-03-28,294,Fashion,Backpack,1,94.52,0,94.52,94.52,East,Mobile App,Credit Card,False
102305,2025-03-28,369,Beauty,Shampoo Bar,3,36.12,0,108.36,108.36,Central,Website,Digital Wallet,False
100275,2025-03-28,493,Fashion,Denim Jacket,1,72.42,0,72.42,72.42,East,Website,Debit Card,False
102964,2025-03-28,532,Home & Kitchen,Air Fryer,3,135.78,0,407.34,407.34,Central,Website,Credit Card,False
102116,2025-03-29,161,Electronics,Bluetooth Speaker,1,86.14,0,86.14,86.14,East,Mobile App,Digital Wallet,False
100955,2025-03-29,1095,Fashion,Wool Sweater,1,83.2,0,83.2,83.2,South,Marketplace,Credit Card,False
100805,2025-03-29,691,Home & Kitchen,Blender,1,61.72,0,61.72,61.72,Central,Website,Digital Wallet,False
100005,2025-03-30,703,Fashion,Backpack,1,110.48,5,110.48,104.96,South,Website,Credit Card,False
101158,2025-03-30,363,Sports,Dumbbell Set,2,74.82,15,149.64,127.19,North,Mobile App,Credit Card,False
100336,2025-03-30,299,Sports,Resistance Bands,2,17.55,10,35.1,31.59,Central,Website,Credit Card,False
100095,2025-03-30,819,Fashion,Running Shoes,1,58.97,0,58.97,58.97,South,Website,Digital Wallet,False
100263,2025-03-30,952,Beauty,Shampoo Bar,1,36.71,5,36.71,34.87,North,Mobile App,Debit Card,False
100646,2025-03-30,869,Sports,Yoga Mat,1,54.73,0,54.73,54.73,West,Mobile App,Credit Card,False
102557,2025-03-30,832,Electronics,Smart Watch,1,72.47,0,72.47,72.47,West,Website,Debit Card,False
100256,2025-03-31,1054,Fashion,Sunglasses,1,86.67,5,86.67,82.34,West,Website,Credit Card,False
100614,2025-03-31,639,Electronics,Laptop Stand,2,144.79,0,289.58,289.58,South,Website,Digital Wallet,False
101740,2025-03-31,1140,Electronics,Smart Watch,1,118.37,0,118.37,118.37,North,Mobile App,Debit Card,False
100855,2025-04-01,1068,Fashion,Denim Jacket,3,47.13,0,141.39,141.39,South,Website,Credit Card,False
100212,2025-04-01,981,Home & Kitchen,Air Fryer,2,126.5,0,253.0,253.0,Central,Website,Credit Card,False
102541,2025-04-01,659,Electronics,Wireless Earbuds,1,149.98,0,149.98,149.98,West,Mobile App,Debit Card,False
101757,2025-04-02,198,Home & Kitchen,Non-Stick Pan Set,1,83.85,0,83.85,83.85,North,Website,Credit Card,False
102161,2025-04-02,14,Sports,Resistance Bands,1,43.76,0,43.76,43.76,East,Website,Debit Card,False
102046,2025-04-02,179,Home & Kitchen,Air Fryer,1,122.59,10,122.59,110.33,North,Website,Debit Card,False
102027,2025-04-03,140,Home & Kitchen,Storage Containers,1,33.09,0,33.09,33.09,South,Website,Credit Card,False
100490,2025-04-03,748,Fashion,Sunglasses,2,64.89,0,129.78,129.78,Central,Mobile App,Digital Wallet,False
100157,2025-04-03,353,Sports,Dumbbell Set,1,75.5,0,75.5,75.5,Central,Website,Credit Card,False
101431,2025-04-04,863,Electronics,Bluetooth Speaker,1,93.6,0,93.6,93.6,North,Mobile App,Digital Wallet,False
101489,2025-04-04,1101,Home & Kitchen,Coffee Maker,1,72.91,20,72.91,58.33,Central,Website,Debit Card,False
101453,2025-04-05,299,Fashion,Backpack,1,112.24,0,112.24,112.24,West,Mobile App,Credit Card,False
100720,2025-04-05,69,Electronics,Wireless Earbuds,2,106.76,10,213.52,192.17,North,Marketplace,Digital Wallet,False
102274,2025-04-05,285,Electronics,Smart Watch,1,86.23,0,86.23,86.23,Central,Website,Digital Wallet,False
101755,2025-04-06,692,Home & Kitchen,Non-Stick Pan Set,1,142.42,10,142.42,128.18,East,Website,Digital Wallet,False
101981,2025-04-06,725,Fashion,Denim Jacket,1,37.73,15,37.73,32.07,Central,Website,Credit Card,False
100730,2025-04-06,123,Sports,Yoga Mat,2,37.89,0,75.78,75.78,West,Mobile App,Digital Wallet,True
102616,2025-04-06,172,Home & Kitchen,Storage Containers,1,121.68,5,121.68,115.6,South,Website,Credit Card,False
101334,2025-04-06,503,Fashion,Denim Jacket,2,65.81,20,131.62,105.3,West,Marketplace,Credit Card,False
100409,2025-04-06,556,Home & Kitchen,Non-Stick Pan Set,1,62.06,0,62.06,62.06,West,Marketplace,Debit Card,False
100689,2025-04-07,735,Home & Kitchen,Non-Stick Pan Set,1,29.83,5,29.83,28.34,North,Mobile App,Debit Card,False
102157,2025-04-07,157,Home & Kitchen,Storage Containers,2,31.61,10,63.22,56.9,Central,Website,Credit Card,False
101220,2025-04-07,548,Electronics,Phone Case,1,114.37,0,114.37,114.37,West,Mobile App,Digital Wallet,False
101641,2025-04-07,1176,Home & Kitchen,Coffee Maker,1,113.28,10,113.28,101.95,East,Mobile App,Digital Wallet,False
102438,2025-04-08,763,Home & Kitchen,Coffee Maker,1,131.0,0,131.0,131.0,West,Website,Credit Card,False
100885,2025-04-08,1002,Home & Kitchen,Air Fryer,1,93.43,0,93.43,93.43,South,Mobile App,Credit Card,False
100940,2025-04-09,556,Electronics,Laptop Stand,1,74.96,15,74.96,63.72,East,Website,Credit Card,False
100906,2025-04-09,1044,Fashion,Running Shoes,1,28.87,0,28.87,28.87,West,Mobile App,Debit Card,False
100394,2025-04-09,400,Electronics,USB-C Charger,1,38.58,0,38.58,38.58,Central,Mobile App,Credit Card,False
101884,2025-04-10,280,Fashion,Running Shoes,1,62.81,0,62.81,62.81,East,Website,Digital Wallet,False
101193,2025-04-10,264,Sports,Resistance Bands,1,56.34,0,56.34,56.34,South,Mobile App,Credit Card,False
102062,2025-04-10,357,Electronics,Bluetooth Speaker,1,105.81,0,105.81,105.81,South,Mobile App,Credit Card,False
100443,2025-04-10,533,Electronics,Phone Case,2,80.0,0,160.0,160.0,East,Mobile App,Debit Card,False
101885,2025-04-10,254,Electronics,Laptop Stand,1,164.81,0,164.81,164.81,Central,Mobile App,Debit Card,False
100454,2025-04-11,467,Fashion,Running Shoes,2,53.87,15,107.74,91.58,North,Mobile App,Debit Card,False
101435,2025-04-12,64,Sports,Yoga Mat,1,43.23,0,43.23,43.23,North,Website,Credit Card,False
100437,2025-04-12,1142,Fashion,Sunglasses,1,33.59,20,33.59,26.87,Central,Website,Credit Card,False
100208,2025-04-12,220,Fashion,Denim Jacket,2,48.26,15,96.52,82.04,South,Website,Debit Card,False
102867,2025-04-12,536,Home & Kitchen,Blender,1,36.7,15,36.7,31.2,East,Website,Debit Card,False
102749,2025-04-12,130,Electronics,Bluetooth Speaker,1,151.26,0,151.26,151.26,South,Mobile App,Digital Wallet,False
100708,2025-04-12,860,Fashion,Denim Jacket,1,105.78,0,105.78,105.78,East,Mobile App,Credit Card,False
102049,2025-04-12,546,Home & Kitchen,Coffee Maker,3,76.0,0,228.0,228.0,West,Website,Debit Card,False
102763,2025-04-12,1044,Electronics,Wireless Earbuds,1,88.3,5,88.3,83.88,West,Website,Credit Card,False
102508,2025-04-12,187,Fashion,Denim Jacket,1,82.26,0,82.26,82.26,East,Mobile App,Debit Card,False
102631,2025-04-13,638,Home & Kitchen,Coffee Maker,2,121.57,20,243.14,194.51,West,Website,Debit Card,False
101373,2025-04-13,160,Home & Kitchen,Coffee Maker,1,65.59,0,65.59,65.59,North,Marketplace,Debit Card,False
102361,2025-04-13,774,Electronics,USB-C Charger,1,140.84,0,140.84,140.84,West,Website,Credit Card,False
100084,2025-04-13,327,Home & Kitchen,Coffee Maker,1,144.94,0,144.94,144.94,West,Mobile App,Credit Card,False
101822,2025-04-13,844,Electronics,Phone Case,1,129.24,0,129.24,129.24,East,Marketplace,Credit Card,False
101322,2025-04-13,958,Home & Kitchen,Coffee Maker,1,70.44,0,70.44,70.44,North,Website,Digital Wallet,False
101880,2025-04-14,874,Electronics,Smart Watch,1,152.64,10,152.64,137.38,Central,Marketplace,Credit Card,False
100331,2025-04-14,386,Beauty,Body Lotion,2,32.64,0,65.28,65.28,East,Website,Debit Card,False
102860,2025-04-14,655,Electronics,Smart Watch,1,58.8,0,58.8,58.8,South,Website,Debit Card,False
102125,2025-04-15,972,Sports,Resistance Bands,1,11.26,0,11.26,11.26,North,Mobile App,Digital Wallet,False
102671,2025-04-15,762,Electronics,Bluetooth Speaker,1,133.71,0,133.71,133.71,West,Marketplace,Credit Card,False
102189,2025-04-15,1087,Electronics,Smart Watch,4,107.81,20,431.24,344.99,Central,Website,Digital Wallet,False
101530,2025-04-15,332,Electronics,USB-C Charger,1,138.83,15,138.83,118.01,East,Website,Credit Card,False
102625,2025-04-16,1171,Electronics,USB-C Charger,3,82.25,0,246.75,246.75,South,Mobile App,Credit Card,False
100713,2025-04-16,244,Sports,Water Bottle,1,31.38,0,31.38,31.38,West,Website,Credit Card,True
100008,2025-04-16,1052,Electronics,Phone Case,2,134.56,10,269.12,242.21,Central,Marketplace,Digital Wallet,False
101980,2025-04-17,498,Electronics,Laptop Stand,2,52.59,0,105.18,105.18,West,Marketplace,Digital Wallet,False
100745,2025-04-17,350,Beauty,Makeup Brush Set,4,38.73,0,154.92,154.92,North,Mobile App,Credit Card,False
100295,2025-04-18,759,Electronics,Laptop Stand,1,84.58,10,84.58,76.12,South,Mobile App,Digital Wallet,False
101394,2025-04-18,1162,Beauty,Face Serum,2,35.08,0,70.16,70.16,West,Mobile App,Cash on Delivery,False
102673,2025-04-18,654,Home & Kitchen,Non-Stick Pan Set,1,101.18,0,101.18,101.18,West,Website,Credit Card,False
100742,2025-04-18,1066,Fashion,Sunglasses,1,38.56,20,38.56,30.85,South,Mobile App,Digital Wallet,False
100414,2025-04-19,653,Electronics,Laptop Stand,2,133.59,10,267.18,240.46,East,Mobile App,Debit Card,False
102023,2025-04-19,345,Home & Kitchen,Coffee Maker,1,29.14,5,29.14,27.68,South,Mobile App,Credit Card,False
102878,2025-04-19,205,Fashion,Sunglasses,2,37.15,5,74.3,70.58,North,Mobile App,Debit Card,False
102596,2025-04-19,180,Fashion,Running Shoes,1,21.52,0,21.52,21.52,North,Marketplace,Credit Card,False
101433,2025-04-20,484,Home & Kitchen,Coffee Maker,1,38.29,0,38.29,38.29,East,Mobile App,Cash on Delivery,False
100678,2025-04-21,681,Fashion,Running Shoes,1,110.51,0,110.51,110.51,North,Marketplace,Credit Card,False
101566,2025-04-21,333,Electronics,Wireless Earbuds,1,83.92,5,83.92,79.72,West,Website,Credit Card,False
101969,2025-04-21,168,Home & Kitchen,Coffee Maker,1,107.49,0,107.49,107.49,West,Website,Credit Card,False
101082,2025-04-22,420,Electronics,Bluetooth Speaker,1,166.49,5,166.49,158.17,North,Marketplace,Credit Card,False
100560,2025-04-22,536,Electronics,Phone Case,1,135.39,0,135.39,135.39,West,Website,Debit Card,False
101045,2025-04-22,570,Beauty,Makeup Brush Set,1,38.87,0,38.87,38.87,Central,Mobile App,Debit Card,False
101500,2025-04-22,156,Electronics,Bluetooth Speaker,3,86.37,15,259.11,220.24,South,Website,Debit Card,False
100786,2025-04-22,55,Electronics,Smart Watch,1,161.23,0,161.23,161.23,West,Marketplace,Credit Card,False
102974,2025-04-24,688,Electronics,Phone Case,1,27.87,0,27.87,27.87,West,Website,Credit Card,True
102267,2025-04-24,1185,Sports,Water Bottle,1,80.89,0,80.89,80.89,North,Mobile App,Digital Wallet,False
101894,2025-04-24,889,Fashion,Running Shoes,1,107.62,10,107.62,96.86,West,Website,Credit Card,False
101849,2025-04-24,982,Electronics,Phone Case,1,153.77,0,153.77,153.77,South,Mobile App,Digital Wallet,False
102204,2025-04-25,1139,Electronics,Bluetooth Speaker,1,164.92,0,164.92,164.92,Central,Mobile App,Credit Card,False
102852,2025-04-25,952,Sports,Resistance Bands,1,10.67,0,10.67,10.67,Central,Mobile App,Credit Card,False
100873,2025-04-25,373,Fashion,Backpack,2,58.12,0,116.24,116.24,Central,Website,Debit Card,False
100761,2025-04-25,900,Electronics,Wireless Earbuds,1,40.5,0,40.5,40.5,West,Mobile App,Credit Card,False
100748,2025-04-26,1083,Home & Kitchen,Non-Stick Pan Set,2,100.9,0,201.8,201.8,West,Mobile App,Digital Wallet,False
100827,2025-04-26,719,Fashion,Running Shoes,1,97.94,0,97.94,97.94,North,Mobile App,Digital Wallet,False
101347,2025-04-26,907,Electronics,Smart Watch,1,150.42,0,150.42,150.42,West,Website,Digital Wallet,False
100098,2025-04-26,25,Fashion,Denim Jacket,1,26.19,5,26.19,24.88,North,Mobile App,Debit Card,False
101189,2025-04-27,234,Electronics,Phone Case,1,35.8,0,35.8,35.8,Central,Website,Credit Card,False
100562,2025-04-27,49,Electronics,Phone Case,1,70.3,0,70.3,70.3,East,Mobile App,Credit Card,False
102203,2025-04-27,377,Electronics,Phone Case,1,61.41,0,61.41,61.41,East,Mobile App,Digital Wallet,True
101108,2025-04-27,629,Electronics,Smart Watch,1,160.51,0,160.51,160.51,East,Website,Credit Card,False
100167,2025-04-27,1036,Home & Kitchen,Coffee Maker,1,106.62,0,106.62,106.62,West,Website,Cash on Delivery,False
102585,2025-04-28,237,Beauty,Face Serum,1,49.48,5,49.48,47.01,South,Website,Debit Card,False
101606,2025-04-28,321,Sports,Yoga Mat,1,58.09,15,58.09,49.38,Central,Website,Credit Card,False
101824,2025-04-29,98,Electronics,Phone Case,1,157.07,0,157.07,157.07,East,Marketplace,Debit Card,False
102877,2025-04-30,1145,Electronics,Smart Watch,1,89.26,5,89.26,84.8,South,Marketplace,Debit Card,False
101555,2025-04-30,833,Beauty,Makeup Brush Set,1,12.35,0,12.35,12.35,West,Mobile App,Credit Card,False
102917,2025-04-30,435,Beauty,Face Serum,1,40.41,10,40.41,36.37,South,Marketplace,Debit Card,False
101229,2025-05-01,435,Home & Kitchen,Storage Containers,1,105.14,20,105.14,84.11,East,Marketplace,Credit Card,False
101742,2025-05-01,270,Home & Kitchen,Coffee Maker,1,90.39,0,90.39,90.39,North,Website,Debit Card,False
101556,2025-05-01,525,Beauty,Makeup Brush Set,1,40.88,0,40.88,40.88,East,Website,Credit Card,False
100692,2025-05-01,111,Fashion,Backpack,1,84.44,0,84.44,84.44,East,Website,Credit Card,True
101408,2025-05-02,1188,Electronics,Smart Watch,1,44.61,10,44.61,40.15,Central,Website,Credit Card,False
100265,2025-05-02,565,Home & Kitchen,Coffee Maker,1,135.73,0,135.73,135.73,North,Mobile App,Digital Wallet,False
100466,2025-05-02,878,Home & Kitchen,Air Fryer,1,48.55,15,48.55,41.27,South,Website,Credit Card,False
102118,2025-05-02,740,Fashion,Running Shoes,1,42.77,10,42.77,38.49,South,Marketplace,Cash on Delivery,False
100018,2025-05-03,263,Fashion,Denim Jacket,1,102.96,5,102.96,97.81,South,Marketplace,Digital Wallet,False
101057,2025-05-03,82,Sports,Resistance Bands,1,81.83,0,81.83,81.83,North,Website,Credit Card,False
102627,2025-05-03,1143,Fashion,Backpack,2,68.19,5,136.38,129.56,North,Mobile App,Debit Card,False
101046,2025-05-04,559,Electronics,Smart Watch,1,77.01,15,77.01,65.46,East,Mobile App,Digital Wallet,False
102220,2025-05-05,412,Electronics,Bluetooth Speaker,2,39.01,0,78.02,78.02,South,Mobile App,Credit Card,False
100851,2025-05-06,1171,Home & Kitchen,Blender,1,52.48,10,52.48,47.23,Central,Website,Debit Card,False
101140,2025-05-06,762,Electronics,USB-C Charger,1,150.3,5,150.3,142.78,East,Website,Digital Wallet,False
102904,2025-05-07,180,Sports,Water Bottle,1,89.37,5,89.37,84.9,Central,Marketplace,Cash on Delivery,False
101717,2025-05-08,718,Home & Kitchen,Storage Containers,1,33.37,15,33.37,28.36,East,Website,Credit Card,False
100988,2025-05-08,930,Electronics,Wireless Earbuds,1,82.12,10,82.12,73.91,West,Mobile App,Debit Card,False
102353,2025-05-08,964,Beauty,Face Serum,1,8.4,10,8.4,7.56,East,Website,Credit Card,False
100229,2025-05-08,1133,Sports,Yoga Mat,1,84.35,0,84.35,84.35,East,Website,Cash on Delivery,False
102085,2025-05-08,521,Home & Kitchen,Non-Stick Pan Set,1,130.64,0,130.64,130.64,North,Mobile App,Credit Card,False
100249,2025-05-08,194,Electronics,Bluetooth Speaker,1,98.91,5,98.91,93.96,South,Website,Credit Card,False
100958,2025-05-09,573,Beauty,Face Serum,1,34.33,15,34.33,29.18,West,Mobile App,Credit Card,False
100998,2025-05-09,891,Electronics,Wireless Earbuds,1,129.65,0,129.65,129.65,Central,Website,Digital Wallet,False
101588,2025-05-09,864,Home & Kitchen,Blender,1,27.32,10,27.32,24.59,North,Mobile App,Debit Card,False
102276,2025-05-09,251,Electronics,Phone Case,1,50.99,10,50.99,45.89,South,Website,Credit Card,False
102216,2025-05-09,244,Home & Kitchen,Coffee Maker,1,149.24,5,149.24,141.78,North,Website,Digital Wallet,False
100749,2025-05-10,1147,Home & Kitchen,Coffee Maker,2,107.88,0,215.76,215.76,Central,Website,Digital Wallet,False
100025,2025-05-11,566,Fashion,Backpack,1,117.93,0,117.93,117.93,North,Website,Credit Card,False
101012,2025-05-12,839,Home & Kitchen,Storage Containers,3,123.09,5,369.27,350.81,East,Website,Credit Card,False
101345,2025-05-12,295,Sports,Resistance Bands,1,20.28,0,20.28,20.28,East,Website,Cash on Delivery,False
100683,2025-05-13,648,Home & Kitchen,Storage Containers,1,29.06,15,29.06,24.7,Central,Website,Credit Card,False
102052,2025-05-13,620,Home & Kitchen,Non-Stick Pan Set,1,21.95,0,21.95,21.95,North,Website,Credit Card,False
100243,2025-05-13,104,Electronics,USB-C Charger,1,93.83,0,93.83,93.83,East,Mobile App,Digital Wallet,False
102511,2025-05-13,892,Home & Kitchen,Coffee Maker,1,103.48,20,103.48,82.78,South,Mobile App,Digital Wallet,False
100338,2025-05-13,207,Home & Kitchen,Non-Stick Pan Set,1,105.06,0,105.06,105.06,South,Mobile App,Credit Card,False
101726,2025-05-13,628,Fashion,Sunglasses,2,109.38,10,218.76,196.88,East,Marketplace,Credit Card,False
102564,2025-05-13,579,Sports,Yoga Mat,1,84.13,5,84.13,79.92,South,Website,Credit Card,False
102381,2025-05-14,265,Electronics,Bluetooth Speaker,1,138.74,0,138.74,138.74,East,Marketplace,Debit Card,False
102391,2025-05-14,628,Electronics,Smart Watch,1,133.48,15,133.48,113.46,West,Website,Debit Card,False
101564,2025-05-14,557,Home & Kitchen,Non-Stick Pan Set,1,73.07,0,73.07,73.07,Central,Mobile App,Debit Card,False
100831,2025-05-14,547,Beauty,Face Serum,1,20.56,0,20.56,20.56,North,Website,Cash on Delivery,False
101847,2025-05-15,1152,Beauty,Makeup Brush Set,1,50.78,0,50.78,50.78,East,Mobile App,Digital Wallet,False
100788,2025-05-15,320,Electronics,USB-C Charger,1,134.92,0,134.92,134.92,East,Website,Credit Card,False
101554,2025-05-15,846,Electronics,Laptop Stand,2,164.39,5,328.78,312.34,North,Website,Credit Card,False
100848,2025-05-16,212,Electronics,Bluetooth Speaker,4,68.51,0,274.04,274.04,Central,Website,Credit Card,False
101948,2025-05-16,211,Fashion,Wool Sweater,1,66.61,20,66.61,53.29,South,Website,Credit Card,False
101860,2025-05-16,750,Electronics,Phone Case,1,124.85,0,124.85,124.85,East,Website,Debit Card,False
102799,2025-05-16,948,Fashion,Wool Sweater,1,25.78,5,25.78,24.49,East,Website,Debit Card,False
100588,2025-05-16,1024,Home & Kitchen,Coffee Maker,1,101.09,0,101.09,101.09,East,Marketplace,Debit Card,True
101413,2025-05-17,779,Sports,Yoga Mat,2,66.52,0,133.04,133.04,South,Mobile App,Digital Wallet,False
102117,2025-05-17,297,Fashion,Running Shoes,1,76.71,0,76.71,76.71,North,Website,Cash on Delivery,False
100837,2025-05-17,1042,Fashion,Wool Sweater,1,41.53,0,41.53,41.53,East,Website,Credit Card,False
102533,2025-05-17,280,Home & Kitchen,Storage Containers,1,29.36,15,29.36,24.96,East,Website,Digital Wallet,False
101537,2025-05-17,211,Home & Kitchen,Non-Stick Pan Set,1,136.65,0,136.65,136.65,East,Mobile App,Digital Wallet,False
101997,2025-05-17,570,Home & Kitchen,Blender,1,66.71,10,66.71,60.04,North,Marketplace,Debit Card,False
100518,2025-05-17,207,Home & Kitchen,Non-Stick Pan Set,1,91.46,10,91.46,82.31,South,Mobile App,Debit Card,False
102428,2025-05-18,1096,Beauty,Makeup Brush Set,1,34.68,0,34.68,34.68,North,Marketplace,Digital Wallet,False
100068,2025-05-18,1142,Fashion,Running Shoes,1,90.44,0,90.44,90.44,Central,Mobile App,Credit Card,False
100136,2025-05-18,261,Fashion,Sunglasses,1,77.26,0,77.26,77.26,North,Website,Digital Wallet,False
102446,2025-05-18,480,Fashion,Wool Sweater,1,78.38,0,78.38,78.38,North,Website,Credit Card,False
100207,2025-05-18,1128,Electronics,Laptop Stand,1,147.89,5,147.89,140.5,North,Website,Cash on Delivery,False
102888,2025-05-18,1186,Electronics,Wireless Earbuds,1,69.38,0,69.38,69.38,Central,Website,Digital Wallet,False
102825,2025-05-18,362,Electronics,Smart Watch,1,162.29,0,162.29,162.29,East,Marketplace,Credit Card,False
100333,2025-05-19,923,Electronics,Smart Watch,1,140.98,0,140.98,140.98,West,Mobile App,Credit Card,False
101286,2025-05-19,716,Sports,Resistance Bands,3,53.54,5,160.62,152.59,South,Website,Digital Wallet,False
100559,2025-05-20,117,Fashion,Denim Jacket,2,20.9,10,41.8,37.62,West,Mobile App,Credit Card,True
102265,2025-05-20,784,Sports,Dumbbell Set,1,13.86,0,13.86,13.86,South,Website,Credit Card,False
101067,2025-05-20,192,Home & Kitchen,Blender,2,128.32,0,256.64,256.64,East,Website,Digital Wallet,False
102946,2025-05-20,501,Beauty,Face Serum,1,48.41,0,48.41,48.41,West,Marketplace,Digital Wallet,False
102725,2025-05-20,518,Home & Kitchen,Air Fryer,2,38.88,10,77.76,69.98,West,Website,Credit Card,True
102091,2025-05-20,478,Fashion,Wool Sweater,2,97.87,10,195.74,176.17,West,Marketplace,Credit Card,False
101850,2025-05-20,508,Fashion,Wool Sweater,2,75.3,15,150.6,128.01,North,Website,Credit Card,False
101568,2025-05-21,730,Home & Kitchen,Coffee Maker,1,142.96,0,142.96,142.96,West,Mobile App,Credit Card,False
100307,2025-05-21,860,Electronics,Wireless Earbuds,1,92.27,0,92.27,92.27,North,Website,Cash on Delivery,False
102494,2025-05-21,511,Home & Kitchen,Air Fryer,1,95.98,0,95.98,95.98,East,Mobile App,Debit Card,False
102375,2025-05-21,487,Home & Kitchen,Coffee Maker,1,70.24,5,70.24,66.73,East,Website,Credit Card,False
102237,2025-05-22,175,Home & Kitchen,Blender,2,139.32,10,278.64,250.78,South,Mobile App,Digital Wallet,False
101022,2025-05-22,488,Home & Kitchen,Storage Containers,1,122.2,0,122.2,122.2,West,Mobile App,Debit Card,False
100604,2025-05-22,433,Home & Kitchen,Non-Stick Pan Set,1,114.72,0,114.72,114.72,West,Website,Cash on Delivery,False
101216,2025-05-22,773,Home & Kitchen,Coffee Maker,1,99.13,10,99.13,89.22,North,Website,Digital Wallet,False
102147,2025-05-22,989,Fashion,Sunglasses,1,101.9,0,101.9,101.9,West,Mobile App,Credit Card,False
102768,2025-05-23,166,Electronics,Laptop Stand,2,129.55,20,259.1,207.28,South,Mobile App,Credit Card,False
101613,2025-05-23,698,Home & Kitchen,Blender,1,132.85,0,132.85,132.85,North,Marketplace,Credit Card,False
101142,2025-05-23,30,Beauty,Body Lotion,3,35.47,0,106.41,106.41,North,Mobile App,Digital Wallet,False
101978,2025-05-23,662,Home & Kitchen,Blender,3,120.95,0,362.85,362.85,North,Marketplace,Cash on Delivery,False
100311,2025-05-23,853,Fashion,Running Shoes,2,50.03,15,100.06,85.05,Central,Mobile App,Digital Wallet,False
101293,2025-05-24,172,Fashion,Sunglasses,3,91.31,5,273.93,260.23,North,Marketplace,Digital Wallet,True
100514,2025-05-24,588,Electronics,Bluetooth Speaker,1,142.21,5,142.21,135.1,Central,Website,Credit Card,False
101892,2025-05-24,477,Fashion,Backpack,4,81.07,20,324.28,259.42,West,Mobile App,Digital Wallet,False
100621,2025-05-24,437,Fashion,Wool Sweater,1,25.76,0,25.76,25.76,North,Website,Credit Card,False
100021,2025-05-24,161,Sports,Yoga Mat,1,10.4,0,10.4,10.4,East,Mobile App,Credit Card,True
101391,2025-05-24,1097,Fashion,Backpack,1,45.34,0,45.34,45.34,East,Marketplace,Debit Card,False
102954,2025-05-25,260,Home & Kitchen,Blender,1,96.07,0,96.07,96.07,North,Mobile App,Credit Card,False
101445,2025-05-25,574,Fashion,Wool Sweater,1,85.2,0,85.2,85.2,East,Website,Credit Card,False
100134,2025-05-26,530,Fashion,Denim Jacket,1,98.26,20,98.26,78.61,South,Marketplace,Credit Card,False
102939,2025-05-26,145,Fashion,Backpack,1,52.49,0,52.49,52.49,Central,Website,Credit Card,False
102469,2025-05-26,164,Electronics,Smart Watch,3,62.9,0,188.7,188.7,South,Marketplace,Credit Card,False
101675,2025-05-27,317,Sports,Yoga Mat,1,32.79,0,32.79,32.79,West,Website,Debit Card,False
100515,2025-05-27,294,Electronics,Bluetooth Speaker,3,43.33,10,129.99,116.99,South,Mobile App,Credit Card,False
100072,2025-05-27,725,Beauty,Shampoo Bar,2,10.5,10,21.0,18.9,Central,Website,Credit Card,False
102401,2025-05-27,697,Fashion,Sunglasses,1,110.53,10,110.53,99.48,East,Website,Debit Card,False
102738,2025-05-28,896,Sports,Yoga Mat,1,54.47,5,54.47,51.75,East,Website,Digital Wallet,False
102600,2025-05-28,1128,Electronics,Laptop Stand,1,141.47,15,141.47,120.25,West,Mobile App,Credit Card,False
100375,2025-05-28,960,Fashion,Sunglasses,2,79.78,0,159.56,159.56,South,Mobile App,Digital Wallet,False
102604,2025-05-28,710,Electronics,USB-C Charger,1,68.91,5,68.91,65.46,East,Mobile App,Credit Card,False
102692,2025-05-29,615,Fashion,Denim Jacket,1,96.99,0,96.99,96.99,West,Mobile App,Digital Wallet,False
101984,2025-05-29,357,Electronics,Phone Case,1,109.4,0,109.4,109.4,West,Marketplace,Debit Card,False
100289,2025-05-29,306,Sports,Resistance Bands,3,68.35,0,205.05,205.05,West,Mobile App,Digital Wallet,False
100130,2025-05-29,122,Electronics,Laptop Stand,1,138.4,0,138.4,138.4,West,Website,Digital Wallet,False
101068,2025-05-30,553,Electronics,Laptop Stand,2,41.55,5,83.1,78.94,North,Website,Cash on Delivery,False
101382,2025-05-30,33,Electronics,Laptop Stand,1,123.36,5,123.36,117.19,North,Website,Digital Wallet,False
100496,2025-05-30,330,Electronics,Bluetooth Speaker,1,83.86,20,83.86,67.09,Central,Website,Credit Card,False
101909,2025-05-30,9,Fashion,Wool Sweater,1,16.89,0,16.89,16.89,West,Website,Credit Card,False
100203,2025-05-31,344,Sports,Dumbbell Set,1,27.29,10,27.29,24.56,East,Mobile App,Debit Card,False
102370,2025-05-31,91,Sports,Resistance Bands,1,25.78,10,25.78,23.2,East,Mobile App,Credit Card,False
101297,2025-05-31,684,Beauty,Shampoo Bar,1,29.92,20,29.92,23.94,East,Website,Credit Card,False
100169,2025-05-31,149,Beauty,Shampoo Bar,1,19.01,10,19.01,17.11,North,Website,Credit Card,False
101960,2025-05-31,814,Beauty,Face Serum,1,14.23,10,14.23,12.81,West,Mobile App,Digital Wallet,False
101800,2025-06-01,1041,Electronics,Wireless Earbuds,2,107.86,0,215.72,215.72,West,Website,Credit Card,False
101095,2025-06-01,891,Home & Kitchen,Blender,2,33.53,0,67.06,67.06,South,Marketplace,Debit Card,False
101354,2025-06-01,259,Beauty,Body Lotion,2,38.81,0,77.62,77.62,Central,Mobile App,Digital Wallet,False
102898,2025-06-02,1089,Fashion,Backpack,3,107.44,0,322.32,322.32,East,Marketplace,Debit Card,False
102129,2025-06-02,726,Electronics,Bluetooth Speaker,2,74.58,0,149.16,149.16,East,Website,Credit Card,False
101987,2025-06-02,582,Home & Kitchen,Blender,1,118.1,10,118.1,106.29,East,Website,Credit Card,False
100269,2025-06-02,331,Home & Kitchen,Non-Stick Pan Set,1,20.18,5,20.18,19.17,West,Mobile App,Credit Card,False
102957,2025-06-02,132,Fashion,Wool Sweater,1,27.11,0,27.11,27.11,South,Website,Credit Card,False
101939,2025-06-02,874,Sports,Yoga Mat,1,47.28,0,47.28,47.28,East,Marketplace,Credit Card,False
102943,2025-06-03,672,Electronics,Phone Case,1,112.72,0,112.72,112.72,Central,Marketplace,Credit Card,False
100209,2025-06-03,814,Sports,Dumbbell Set,1,75.63,10,75.63,68.07,East,Marketplace,Digital Wallet,False
100135,2025-06-03,381,Home & Kitchen,Air Fryer,4,50.88,0,203.52,203.52,Central,Website,Debit Card,False
100572,2025-06-03,542,Home & Kitchen,Non-Stick Pan Set,4,101.92,0,407.68,407.68,South,Website,Credit Card,False
101115,2025-06-03,1105,Home & Kitchen,Air Fryer,2,38.53,5,77.06,73.21,West,Mobile App,Credit Card,False
100691,2025-06-03,579,Electronics,USB-C Charger,1,171.77,0,171.77,171.77,West,Mobile App,Digital Wallet,False
100424,2025-06-03,528,Home & Kitchen,Blender,1,58.41,5,58.41,55.49,North,Website,Credit Card,False
100433,2025-06-03,334,Beauty,Body Lotion,1,32.67,0,32.67,32.67,Central,Marketplace,Credit Card,False
102719,2025-06-04,364,Electronics,Laptop Stand,1,79.32,0,79.32,79.32,Central,Website,Digital Wallet,False
100112,2025-06-04,454,Home & Kitchen,Coffee Maker,1,91.61,0,91.61,91.61,East,Mobile App,Debit Card,False
102552,2025-06-04,991,Beauty,Makeup Brush Set,2,11.46,0,22.92,22.92,West,Mobile App,Cash on Delivery,False
100449,2025-06-04,79,Home & Kitchen,Air Fryer,1,141.26,0,141.26,141.26,West,Mobile App,Digital Wallet,False
101448,2025-06-04,1162,Fashion,Wool Sweater,2,21.51,10,43.02,38.72,South,Marketplace,Debit Card,False
100839,2025-06-04,1188,Home & Kitchen,Non-Stick Pan Set,2,113.68,0,227.36,227.36,Central,Website,Cash on Delivery,False
101086,2025-06-05,847,Fashion,Backpack,4,85.97,0,343.88,343.88,South,Mobile App,Cash on Delivery,False
101073,2025-06-05,948,Fashion,Backpack,1,62.22,0,62.22,62.22,West,Website,Debit Card,False
100348,2025-06-06,1108,Beauty,Makeup Brush Set,1,18.96,0,18.96,18.96,South,Website,Debit Card,False
100417,2025-06-06,328,Electronics,Phone Case,1,67.13,0,67.13,67.13,North,Mobile App,Digital Wallet,False
100916,2025-06-06,846,Fashion,Wool Sweater,1,30.33,0,30.33,30.33,Central,Mobile App,Credit Card,False
102504,2025-06-06,593,Home & Kitchen,Storage Containers,1,21.56,0,21.56,21.56,East,Mobile App,Digital Wallet,False
102444,2025-06-06,119,Home & Kitchen,Non-Stick Pan Set,1,56.13,5,56.13,53.32,Central,Website,Digital Wallet,False
100863,2025-06-07,448,Fashion,Running Shoes,1,37.55,0,37.55,37.55,Central,Website,Digital Wallet,False
102831,2025-06-07,332,Fashion,Sunglasses,1,86.07,0,86.07,86.07,North,Website,Credit Card,False
101419,2025-06-07,747,Electronics,Bluetooth Speaker,1,164.08,10,164.08,147.67,North,Website,Digital Wallet,False
101609,2025-06-07,161,Home & Kitchen,Air Fryer,1,22.19,5,22.19,21.08,South,Website,Credit Card,False
102712,2025-06-07,1041,Beauty,Body Lotion,1,17.74,0,17.74,17.74,South,Mobile App,Debit Card,False
101808,2025-06-07,1083,Home & Kitchen,Blender,1,89.47,10,89.47,80.52,West,Website,Digital Wallet,False
102903,2025-06-07,822,Electronics,Laptop Stand,3,146.81,15,440.43,374.37,East,Website,Credit Card,False
102483,2025-06-08,976,Electronics,USB-C Charger,1,68.79,5,68.79,65.35,West,Website,Debit Card,True
101520,2025-06-08,863,Fashion,Denim Jacket,2,79.15,10,158.3,142.47,Central,Mobile App,Debit Card,False
102724,2025-06-08,899,Sports,Dumbbell Set,1,53.72,0,53.72,53.72,North,Mobile App,Debit Card,False
100353,2025-06-08,1062,Sports,Yoga Mat,1,85.23,0,85.23,85.23,Central,Mobile App,Debit Card,False
102083,2025-06-08,800,Fashion,Wool Sweater,1,76.37,0,76.37,76.37,North,Mobile App,Credit Card,False
102064,2025-06-08,557,Electronics,Phone Case,2,64.63,5,129.26,122.8,North,Mobile App,Debit Card,False
100504,2025-06-08,833,Fashion,Sunglasses,1,104.06,0,104.06,104.06,South,Mobile App,Credit Card,False
101000,2025-06-08,41,Electronics,Bluetooth Speaker,1,156.25,5,156.25,148.44,South,Website,Debit Card,True
101181,2025-06-08,168,Home & Kitchen,Air Fryer,1,142.02,5,142.02,134.92,East,Website,Digital Wallet,False
102440,2025-06-08,511,Electronics,Bluetooth Speaker,1,46.62,10,46.62,41.96,South,Marketplace,Credit Card,False
100358,2025-06-08,1082,Fashion,Denim Jacket,1,98.22,10,98.22,88.4,West,Mobile App,Credit Card,False
100886,2025-06-10,150,Home & Kitchen,Coffee Maker,3,105.09,10,315.27,283.74,North,Mobile App,Digital Wallet,False
101694,2025-06-10,1054,Electronics,Phone Case,1,51.13,5,51.13,48.57,South,Marketplace,Credit Card,False
100122,2025-06-10,430,Beauty,Makeup Brush Set,1,9.62,0,9.62,9.62,West,Mobile App,Cash on Delivery,False
102422,2025-06-10,977,Fashion,Wool Sweater,2,92.89,0,185.78,185.78,North,Website,Credit Card,False
102182,2025-06-11,1193,Sports,Yoga Mat,1,83.79,0,83.79,83.79,Central,Website,Credit Card,False
100705,2025-06-11,86,Electronics,Wireless Earbuds,3,75.3,0,225.9,225.9,South,Mobile App,Debit Card,False
102475,2025-06-11,1062,Home & Kitchen,Blender,2,90.82,5,181.64,172.56,Central,Website,Credit Card,False
100519,2025-06-11,820,Home & Kitchen,Coffee Maker,2,81.02,0,162.04,162.04,South,Website,Debit Card,False
100441,2025-06-11,65,Fashion,Backpack,1,56.58,0,56.58,56.58,Central,Website,Credit Card,False
100485,2025-06-12,155,Home & Kitchen,Coffee Maker,1,34.94,0,34.94,34.94,East,Website,Credit Card,False
101563,2025-06-13,1074,Electronics,Bluetooth Speaker,1,100.97,0,100.97,100.97,South,Website,Credit Card,False
100389,2025-06-13,30,Electronics,Wireless Earbuds,1,55.7,15,55.7,47.34,Central,Website,Debit Card,False
102228,2025-06-13,245,Electronics,Smart Watch,1,51.58,20,51.58,41.26,East,Mobile App,Debit Card,False
100876,2025-06-14,840,Fashion,Running Shoes,1,62.69,10,62.69,56.42,West,Website,Digital Wallet,False
100943,2025-06-14,1118,Electronics,Phone Case,1,77.38,15,77.38,65.77,Central,Mobile App,Credit Card,False
102156,2025-06-14,1195,Electronics,Smart Watch,4,52.82,0,211.28,211.28,North,Marketplace,Credit Card,False
102815,2025-06-14,415,Electronics,Wireless Earbuds,1,148.79,0,148.79,148.79,North,Mobile App,Credit Card,False
100344,2025-06-15,876,Sports,Water Bottle,3,61.12,15,183.36,155.86,South,Mobile App,Credit Card,False
102636,2025-06-15,1178,Electronics,Wireless Earbuds,1,39.11,5,39.11,37.15,South,Mobile App,Credit Card,False
101441,2025-06-15,540,Fashion,Denim Jacket,1,71.54,0,71.54,71.54,East,Website,Debit Card,False
101627,2025-06-15,903,Home & Kitchen,Storage Containers,1,130.28,0,130.28,130.28,North,Website,Digital Wallet,False
100471,2025-06-15,611,Beauty,Shampoo Bar,3,59.58,0,178.74,178.74,East,Website,Credit Card,False
101274,2025-06-16,693,Home & Kitchen,Coffee Maker,2,74.7,20,149.4,119.52,South,Mobile App,Debit Card,True
100718,2025-06-16,974,Home & Kitchen,Blender,2,62.35,0,124.7,124.7,Central,Website,Credit Card,False
100199,2025-06-16,199,Fashion,Running Shoes,1,96.05,0,96.05,96.05,East,Marketplace,Debit Card,False
100472,2025-06-17,398,Sports,Resistance Bands,1,49.44,0,49.44,49.44,South,Website,Credit Card,False
100184,2025-06-17,88,Fashion,Wool Sweater,1,32.31,5,32.31,30.69,East,Marketplace,Debit Card,False
102068,2025-06-17,1146,Fashion,Denim Jacket,1,106.32,0,106.32,106.32,West,Mobile App,Credit Card,False
102829,2025-06-17,900,Fashion,Wool Sweater,2,74.24,20,148.48,118.78,North,Website,Debit Card,True
101276,2025-06-17,1137,Beauty,Body Lotion,4,24.81,5,99.24,94.28,North,Mobile App,Credit Card,False
102334,2025-06-18,358,Home & Kitchen,Storage Containers,1,85.45,0,85.45,85.45,East,Website,Credit Card,False
100911,2025-06-19,659,Home & Kitchen,Storage Containers,1,102.49,0,102.49,102.49,Central,Website,Digital Wallet,False
100189,2025-06-19,188,Electronics,Bluetooth Speaker,1,85.69,5,85.69,81.41,Central,Website,Credit Card,False
101990,2025-06-19,1116,Home & Kitchen,Storage Containers,1,51.55,0,51.55,51.55,Central,Website,Digital Wallet,False
100290,2025-06-20,213,Electronics,Phone Case,1,53.15,15,53.15,45.18,West,Marketplace,Digital Wallet,False
100558,2025-06-20,565,Beauty,Makeup Brush Set,1,58.06,0,58.06,58.06,Central,Mobile App,Debit Card,False
100101,2025-06-20,981,Sports,Dumbbell Set,4,27.7,15,110.8,94.18,South,Mobile App,Cash on Delivery,False
102821,2025-06-21,111,Home & Kitchen,Coffee Maker,1,119.99,10,119.99,107.99,North,Mobile App,Debit Card,False
102740,2025-06-21,772,Electronics,Laptop Stand,1,176.85,0,176.85,176.85,South,Mobile App,Cash on Delivery,True
100027,2025-06-21,512,Beauty,Face Serum,1,39.8,0,39.8,39.8,West,Mobile App,Debit Card,False
100969,2025-06-22,349,Electronics,USB-C Charger,1,133.0,0,133.0,133.0,West,Website,Debit Card,False
101533,2025-06-22,173,Electronics,Smart Watch,1,149.61,0,149.61,149.61,South,Website,Digital Wallet,False
100420,2025-06-23,348,Fashion,Running Shoes,1,54.67,0,54.67,54.67,West,Website,Credit Card,False
100440,2025-06-23,1020,Beauty,Face Serum,3,17.42,15,52.26,44.42,East,Mobile App,Digital Wallet,False
101129,2025-06-23,95,Home & Kitchen,Air Fryer,1,92.92,0,92.92,92.92,North,Website,Credit Card,True
100765,2025-06-23,492,Fashion,Sunglasses,2,32.21,0,64.42,64.42,South,Mobile App,Credit Card,True
100589,2025-06-23,215,Sports,Water Bottle,1,65.13,0,65.13,65.13,West,Website,Debit Card,False
101656,2025-06-23,816,Home & Kitchen,Storage Containers,1,124.83,0,124.83,124.83,North,Marketplace,Credit Card,False
100050,2025-06-23,732,Electronics,Wireless Earbuds,1,65.29,0,65.29,65.29,North,Website,Digital Wallet,False
101452,2025-06-23,712,Fashion,Running Shoes,2,65.37,15,130.74,111.13,East,Mobile App,Credit Card,False
102668,2025-06-23,343,Beauty,Body Lotion,1,35.01,20,35.01,28.01,West,Website,Credit Card,False
102548,2025-06-24,332,Fashion,Backpack,1,63.93,0,63.93,63.93,West,Mobile App,Debit Card,False
101496,2025-06-24,333,Fashion,Backpack,1,70.13,0,70.13,70.13,West,Marketplace,Cash on Delivery,False
102580,2025-06-24,918,Electronics,Phone Case,3,136.88,10,410.64,369.58,West,Website,Credit Card,False
101721,2025-06-25,1106,Fashion,Denim Jacket,1,92.63,15,92.63,78.74,South,Website,Digital Wallet,False
101302,2025-06-25,457,Electronics,Bluetooth Speaker,1,92.12,0,92.12,92.12,West,Marketplace,Cash on Delivery,False
101695,2025-06-25,214,Home & Kitchen,Blender,1,98.79,10,98.79,88.91,East,Marketplace,Credit Card,False
102462,2025-06-25,78,Home & Kitchen,Storage Containers,1,129.38,5,129.38,122.91,Central,Website,Credit Card,False
101996,2025-06-26,756,Electronics,Wireless Earbuds,2,151.36,5,302.72,287.58,South,Website,Cash on Delivery,False
101573,2025-06-26,1070,Fashion,Wool Sweater,1,117.33,0,117.33,117.33,East,Mobile App,Credit Card,False
100792,2025-06-26,162,Electronics,Laptop Stand,1,163.58,10,163.58,147.22,West,Mobile App,Debit Card,False
101044,2025-06-26,380,Home & Kitchen,Coffee Maker,1,21.28,0,21.28,21.28,West,Website,Digital Wallet,False
100967,2025-06-27,222,Electronics,Smart Watch,2,135.36,15,270.72,230.11,Central,Website,Cash on Delivery,False
102197,2025-06-27,534,Fashion,Wool Sweater,1,63.29,0,63.29,63.29,West,Website,Debit Card,False
101043,2025-06-27,1072,Fashion,Backpack,1,46.16,15,46.16,39.24,East,Marketplace,Cash on Delivery,False
101475,2025-06-28,753,Fashion,Sunglasses,1,118.36,10,118.36,106.52,North,Mobile App,Digital Wallet,False
101356,2025-06-28,569,Beauty,Face Serum,2,12.41,5,24.82,23.58,South,Mobile App,Cash on Delivery,False
100862,2025-06-28,286,Electronics,Laptop Stand,1,161.92,0,161.92,161.92,Central,Mobile App,Digital Wallet,False
100105,2025-06-29,318,Electronics,USB-C Charger,3,106.99,10,320.97,288.87,West,Website,Credit Card,False
100456,2025-06-29,331,Electronics,Smart Watch,3,132.0,5,396.0,376.2,North,Website,Digital Wallet,False
101160,2025-06-29,1024,Electronics,Bluetooth Speaker,1,55.27,0,55.27,55.27,West,Website,Credit Card,False
100061,2025-06-29,107,Electronics,Bluetooth Speaker,1,132.01,10,132.01,118.81,North,Mobile App,Debit Card,False
100213,2025-06-29,931,Home & Kitchen,Air Fryer,1,117.35,5,117.35,111.48,North,Mobile App,Debit Card,True
100505,2025-06-29,616,Electronics,Bluetooth Speaker,1,166.48,0,166.48,166.48,Central,Website,Credit Card,False
100250,2025-06-30,647,Electronics,Wireless Earbuds,4,147.98,0,591.92,591.92,South,Mobile App,Credit Card,False
100564,2025-06-30,619,Home & Kitchen,Non-Stick Pan Set,1,38.7,0,38.7,38.7,North,Website,Debit Card,False
100317,2025-06-30,457,Home & Kitchen,Coffee Maker,1,131.65,10,131.65,118.49,East,Website,Credit Card,False
101078,2025-06-30,32,Sports,Yoga Mat,2,56.17,10,112.34,101.11,East,Website,Digital Wallet,False
100561,2025-06-30,115,Sports,Dumbbell Set,1,82.94,5,82.94,78.79,North,Website,Digital Wallet,False
102875,2025-07-01,724,Home & Kitchen,Non-Stick Pan Set,2,97.76,0,195.52,195.52,South,Mobile App,Credit Card,False
101752,2025-07-01,422,Electronics,Bluetooth Speaker,1,81.66,5,81.66,77.58,West,Website,Debit Card,False
100090,2025-07-01,1143,Fashion,Denim Jacket,2,108.73,0,217.46,217.46,South,Mobile App,Credit Card,False
101988,2025-07-01,407,Home & Kitchen,Non-Stick Pan Set,2,44.13,0,88.26,88.26,West,Mobile App,Credit Card,False
102112,2025-07-01,548,Electronics,Wireless Earbuds,2,172.8,5,345.6,328.32,East,Mobile App,Cash on Delivery,False
101414,2025-07-02,11,Electronics,Wireless Earbuds,1,127.44,0,127.44,127.44,South,Mobile App,Digital Wallet,False
100556,2025-07-02,511,Electronics,Wireless Earbuds,1,155.25,0,155.25,155.25,Central,Website,Credit Card,False
101389,2025-07-02,278,Home & Kitchen,Non-Stick Pan Set,2,107.59,5,215.18,204.42,North,Website,Debit Card,False
102051,2025-07-02,585,Sports,Yoga Mat,1,33.97,0,33.97,33.97,North,Marketplace,Credit Card,False
102016,2025-07-02,441,Fashion,Wool Sweater,1,119.42,5,119.42,113.45,North,Website,Cash on Delivery,False
100071,2025-07-03,588,Home & Kitchen,Coffee Maker,2,130.59,0,261.18,261.18,Central,Mobile App,Cash on Delivery,False
100962,2025-07-03,900,Electronics,Laptop Stand,2,105.24,5,210.48,199.96,Central,Marketplace,Digital Wallet,False
100224,2025-07-03,854,Fashion,Wool Sweater,1,82.16,0,82.16,82.16,West,Website,Debit Card,False
101621,2025-07-03,279,Electronics,USB-C Charger,1,25.18,5,25.18,23.92,West,Mobile App,Credit Card,True
102063,2025-07-04,1160,Beauty,Makeup Brush Set,1,50.22,15,50.22,42.69,East,Mobile App,Cash on Delivery,False
102170,2025-07-04,329,Electronics,USB-C Charger,1,136.33,10,136.33,122.7,Central,Website,Debit Card,False
101491,2025-07-04,275,Home & Kitchen,Air Fryer,1,112.86,0,112.86,112.86,West,Mobile App,Credit Card,False
100377,2025-07-05,611,Sports,Yoga Mat,1,30.23,0,30.23,30.23,Central,Mobile App,Credit Card,False
101018,2025-07-05,590,Fashion,Denim Jacket,1,73.24,10,73.24,65.92,Central,Mobile App,Credit Card,False
102488,2025-07-05,741,Beauty,Body Lotion,3,41.41,15,124.23,105.6,East,Mobile App,Digital Wallet,False
102105,2025-07-06,1085,Electronics,Wireless Earbuds,1,43.94,10,43.94,39.55,Central,Mobile App,Debit Card,False
100755,2025-07-06,757,Home & Kitchen,Storage Containers,1,41.41,0,41.41,41.41,West,Mobile App,Digital Wallet,False
100303,2025-07-06,73,Electronics,Laptop Stand,1,95.99,0,95.99,95.99,Central,Website,Cash on Delivery,False
102255,2025-07-06,711,Electronics,Bluetooth Speaker,1,58.37,10,58.37,52.53,Central,Marketplace,Credit Card,False
101261,2025-07-06,630,Sports,Resistance Bands,1,71.17,0,71.17,71.17,South,Website,Credit Card,False
101363,2025-07-06,1016,Beauty,Face Serum,1,22.71,0,22.71,22.71,East,Website,Credit Card,False
102794,2025-07-07,442,Fashion,Sunglasses,1,75.19,0,75.19,75.19,West,Mobile App,Digital Wallet,False
100610,2025-07-08,925,Electronics,Smart Watch,1,106.69,0,106.69,106.69,Central,Website,Digital Wallet,False
100715,2025-07-08,782,Electronics,USB-C Charger,1,143.52,15,143.52,121.99,West,Mobile App,Debit Card,False
102500,2025-07-08,461,Electronics,USB-C Charger,2,30.5,15,61.0,51.85,East,Mobile App,Cash on Delivery,False
100297,2025-07-08,375,Beauty,Body Lotion,1,43.21,0,43.21,43.21,East,Mobile App,Credit Card,False
102674,2025-07-09,336,Fashion,Backpack,1,29.07,0,29.07,29.07,South,Marketplace,Credit Card,False
102290,2025-07-09,326,Electronics,Smart Watch,1,127.46,0,127.46,127.46,North,Mobile App,Debit Card,False
100037,2025-07-09,605,Electronics,Laptop Stand,1,40.62,0,40.62,40.62,East,Website,Digital Wallet,False
101262,2025-07-09,585,Fashion,Sunglasses,1,111.48,0,111.48,111.48,West,Mobile App,Credit Card,False
102127,2025-07-09,1080,Sports,Yoga Mat,2,22.66,0,45.32,45.32,South,Marketplace,Credit Card,False
101329,2025-07-09,531,Electronics,Laptop Stand,2,171.59,5,343.18,326.02,North,Mobile App,Debit Card,False
100006,2025-07-09,720,Sports,Resistance Bands,2,84.13,0,168.26,168.26,West,Website,Credit Card,False
102080,2025-07-09,692,Home & Kitchen,Non-Stick Pan Set,1,114.32,5,114.32,108.6,Central,Marketplace,Digital Wallet,False
101028,2025-07-10,1062,Fashion,Denim Jacket,1,31.51,0,31.51,31.51,East,Mobile App,Credit Card,False
101490,2025-07-10,164,Electronics,USB-C Charger,1,141.41,10,141.41,127.27,North,Mobile App,Credit Card,False
102102,2025-07-10,768,Home & Kitchen,Blender,1,116.65,10,116.65,104.99,East,Mobile App,Cash on Delivery,False
102930,2025-07-11,1077,Home & Kitchen,Coffee Maker,1,73.23,5,73.23,69.57,West,Website,Credit Card,False
102393,2025-07-11,728,Fashion,Sunglasses,1,59.76,0,59.76,59.76,South,Marketplace,Digital Wallet,False
100577,2025-07-11,879,Fashion,Wool Sweater,1,39.83,5,39.83,37.84,West,Mobile App,Digital Wallet,False
100286,2025-07-11,40,Electronics,Wireless Earbuds,1,81.47,10,81.47,73.32,North,Website,Digital Wallet,False
102310,2025-07-11,197,Fashion,Wool Sweater,2,22.03,15,44.06,37.45,Central,Marketplace,Digital Wallet,False
100754,2025-07-11,473,Sports,Resistance Bands,3,80.62,0,241.86,241.86,Central,Website,Credit Card,False
100051,2025-07-11,877,Electronics,Smart Watch,2,172.22,5,344.44,327.22,South,Website,Digital Wallet,False
102868,2025-07-11,58,Electronics,Laptop Stand,1,39.26,0,39.26,39.26,Central,Website,Debit Card,False
100124,2025-07-11,501,Home & Kitchen,Coffee Maker,1,98.95,0,98.95,98.95,North,Website,Digital Wallet,False
100566,2025-07-12,101,Electronics,Smart Watch,1,51.69,0,51.69,51.69,East,Mobile App,Cash on Delivery,False
100292,2025-07-13,895,Electronics,Wireless Earbuds,1,45.14,10,45.14,40.63,North,Website,Cash on Delivery,False
102232,2025-07-13,632,Fashion,Sunglasses,1,27.28,10,27.28,24.55,East,Marketplace,Cash on Delivery,False
100304,2025-07-13,821,Fashion,Backpack,1,43.47,10,43.47,39.12,North,Website,Debit Card,False
101430,2025-07-13,109,Beauty,Shampoo Bar,1,26.39,0,26.39,26.39,East,Website,Credit Card,False
101961,2025-07-13,935,Electronics,Laptop Stand,1,178.65,0,178.65,178.65,West,Website,Digital Wallet,False
101518,2025-07-13,168,Electronics,Bluetooth Speaker,1,97.51,0,97.51,97.51,South,Website,Cash on Delivery,False
100593,2025-07-13,821,Electronics,Phone Case,2,124.67,0,249.34,249.34,Central,Website,Credit Card,False
101403,2025-07-14,381,Fashion,Backpack,1,114.63,15,114.63,97.44,South,Mobile App,Debit Card,False
100930,2025-07-14,482,Electronics,USB-C Charger,1,163.97,10,163.97,147.57,Central,Website,Credit Card,False
102360,2025-07-14,636,Home & Kitchen,Air Fryer,1,113.66,0,113.66,113.66,North,Website,Digital Wallet,False
101658,2025-07-14,924,Home & Kitchen,Air Fryer,1,58.62,5,58.62,55.69,West,Website,Digital Wallet,False
100003,2025-07-14,1155,Fashion,Denim Jacket,4,19.9,0,79.6,79.6,East,Website,Cash on Delivery,False
102572,2025-07-14,608,Sports,Resistance Bands,1,29.91,0,29.91,29.91,South,Mobile App,Digital Wallet,False
102270,2025-07-14,1009,Beauty,Makeup Brush Set,1,20.7,10,20.7,18.63,West,Mobile App,Digital Wallet,False
101896,2025-07-14,670,Fashion,Sunglasses,1,51.08,10,51.08,45.97,East,Mobile App,Credit Card,False
102130,2025-07-14,1008,Sports,Dumbbell Set,2,24.78,0,49.56,49.56,West,Mobile App,Digital Wallet,False
101601,2025-07-14,908,Sports,Water Bottle,1,12.86,0,12.86,12.86,South,Mobile App,Digital Wallet,False
101202,2025-07-15,67,Electronics,Bluetooth Speaker,1,40.74,0,40.74,40.74,North,Mobile App,Credit Card,False
101882,2025-07-15,957,Sports,Water Bottle,1,64.62,0,64.62,64.62,North,Mobile App,Cash on Delivery,False
101456,2025-07-15,312,Electronics,Laptop Stand,2,102.24,10,204.48,184.03,Central,Website,Credit Card,False
100949,2025-07-16,62,Electronics,Bluetooth Speaker,1,158.17,0,158.17,158.17,East,Marketplace,Digital Wallet,False
100842,2025-07-16,325,Fashion,Denim Jacket,1,20.08,0,20.08,20.08,Central,Marketplace,Debit Card,False
102411,2025-07-16,1008,Beauty,Shampoo Bar,1,32.18,0,32.18,32.18,West,Mobile App,Credit Card,False
100195,2025-07-16,704,Sports,Resistance Bands,1,78.22,0,78.22,78.22,Central,Mobile App,Debit Card,False
100011,2025-07-17,1110,Fashion,Sunglasses,1,110.29,0,110.29,110.29,East,Website,Cash on Delivery,False
102838,2025-07-17,763,Fashion,Sunglasses,2,107.38,15,214.76,182.55,Central,Mobile App,Digital Wallet,False
100853,2025-07-17,417,Beauty,Body Lotion,2,22.41,0,44.82,44.82,East,Mobile App,Credit Card,False
102937,2025-07-17,742,Fashion,Backpack,2,42.23,0,84.46,84.46,East,Website,Credit Card,False
100690,2025-07-17,1157,Beauty,Face Serum,1,42.96,5,42.96,40.81,North,Mobile App,Digital Wallet,False
100926,2025-07-18,1067,Beauty,Body Lotion,1,31.05,10,31.05,27.94,Central,Mobile App,Debit Card,False
101113,2025-07-18,1089,Home & Kitchen,Storage Containers,1,114.99,0,114.99,114.99,North,Mobile App,Credit Card,False
102491,2025-07-19,834,Fashion,Running Shoes,1,84.98,10,84.98,76.48,East,Mobile App,Digital Wallet,False
102245,2025-07-19,256,Fashion,Backpack,1,104.19,0,104.19,104.19,Central,Website,Credit Card,False
101567,2025-07-19,943,Electronics,Smart Watch,1,46.12,15,46.12,39.2,Central,Mobile App,Cash on Delivery,False
102812,2025-07-19,55,Sports,Dumbbell Set,1,66.49,5,66.49,63.17,North,Website,Credit Card,False
100902,2025-07-20,1178,Sports,Yoga Mat,1,52.81,5,52.81,50.17,South,Mobile App,Debit Card,False
101198,2025-07-20,29,Home & Kitchen,Non-Stick Pan Set,1,130.07,5,130.07,123.57,Central,Website,Digital Wallet,False
102924,2025-07-20,88,Home & Kitchen,Blender,1,115.48,0,115.48,115.48,West,Mobile App,Debit Card,False
102986,2025-07-20,1057,Sports,Yoga Mat,1,75.51,0,75.51,75.51,East,Website,Credit Card,False
102938,2025-07-21,993,Electronics,Laptop Stand,2,151.67,5,303.34,288.17,North,Mobile App,Credit Card,False
100712,2025-07-21,287,Fashion,Denim Jacket,2,23.69,0,47.38,47.38,Central,Website,Debit Card,False
102343,2025-07-21,753,Home & Kitchen,Coffee Maker,1,95.97,0,95.97,95.97,North,Website,Credit Card,False
102608,2025-07-22,16,Sports,Water Bottle,1,25.39,5,25.39,24.12,South,Mobile App,Digital Wallet,False
100732,2025-07-22,1091,Fashion,Denim Jacket,1,60.55,0,60.55,60.55,East,Mobile App,Debit Card,False
100299,2025-07-22,559,Beauty,Face Serum,2,11.55,0,23.1,23.1,North,Mobile App,Credit Card,False
101899,2025-07-22,262,Home & Kitchen,Air Fryer,1,95.47,10,95.47,85.92,South,Marketplace,Cash on Delivery,False
101103,2025-07-23,47,Electronics,Wireless Earbuds,2,140.38,0,280.76,280.76,West,Mobile App,Credit Card,False
100312,2025-07-23,63,Electronics,Laptop Stand,1,154.21,0,154.21,154.21,East,Marketplace,Credit Card,False
102425,2025-07-23,346,Fashion,Denim Jacket,1,70.9,0,70.9,70.9,North,Website,Cash on Delivery,False
101659,2025-07-23,624,Home & Kitchen,Coffee Maker,1,53.05,10,53.05,47.74,West,Mobile App,Digital Wallet,False
100029,2025-07-23,1004,Electronics,Laptop Stand,1,31.02,0,31.02,31.02,Central,Mobile App,Digital Wallet,False
101750,2025-07-23,493,Electronics,Bluetooth Speaker,1,50.01,10,50.01,45.01,North,Website,Credit Card,False
102822,2025-07-24,1047,Fashion,Denim Jacket,2,85.19,0,170.38,170.38,Central,Mobile App,Debit Card,False
102473,2025-07-24,941,Electronics,Phone Case,2,97.65,10,195.3,175.77,West,Mobile App,Cash on Delivery,False
102256,2025-07-24,315,Electronics,Phone Case,1,69.05,0,69.05,69.05,Central,Mobile App,Credit Card,False
101649,2025-07-24,180,Sports,Water Bottle,4,17.31,20,69.24,55.39,East,Mobile App,Cash on Delivery,False
101611,2025-07-24,1066,Fashion,Sunglasses,1,36.58,5,36.58,34.75,North,Mobile App,Debit Card,False
100452,2025-07-25,209,Electronics,USB-C Charger,1,169.85,10,169.85,152.86,North,Website,Credit Card,False
101983,2025-07-25,1035,Fashion,Wool Sweater,1,99.75,10,99.75,89.78,Central,Website,Credit Card,False
101751,2025-07-25,97,Fashion,Running Shoes,2,39.14,0,78.28,78.28,West,Website,Credit Card,False
101773,2025-07-25,1043,Electronics,Smart Watch,1,158.26,0,158.26,158.26,North,Mobile App,Credit Card,False
102514,2025-07-26,731,Electronics,Smart Watch,1,154.83,0,154.83,154.83,East,Website,Cash on Delivery,False
100062,2025-07-26,365,Electronics,Laptop Stand,2,149.96,0,299.92,299.92,South,Mobile App,Debit Card,False
101284,2025-07-26,292,Home & Kitchen,Blender,1,62.81,0,62.81,62.81,West,Website,Credit Card,False
100645,2025-07-26,165,Electronics,Wireless Earbuds,1,63.81,15,63.81,54.24,South,Mobile App,Credit Card,False
100202,2025-07-26,610,Electronics,Laptop Stand,1,137.04,5,137.04,130.19,North,Mobile App,Credit Card,False
102497,2025-07-26,458,Electronics,Smart Watch,1,128.27,5,128.27,121.86,Central,Website,Debit Card,True
102099,2025-07-26,518,Electronics,Bluetooth Speaker,1,111.44,0,111.44,111.44,South,Marketplace,Digital Wallet,False
100946,2025-07-27,1014,Electronics,Smart Watch,1,77.27,0,77.27,77.27,South,Mobile App,Credit Card,False
102042,2025-07-27,423,Electronics,USB-C Charger,1,131.78,0,131.78,131.78,West,Mobile App,Credit Card,False
102643,2025-07-27,239,Beauty,Face Serum,2,47.55,0,95.1,95.1,North,Mobile App,Digital Wallet,False
100843,2025-07-27,149,Beauty,Face Serum,1,30.17,0,30.17,30.17,North,Mobile App,Credit Card,False
102329,2025-07-28,430,Fashion,Wool Sweater,4,30.28,0,121.12,121.12,Central,Website,Cash on Delivery,False
102174,2025-07-28,8,Fashion,Running Shoes,2,105.05,5,210.1,199.6,Central,Website,Credit Card,False
100082,2025-07-28,955,Home & Kitchen,Air Fryer,1,139.58,0,139.58,139.58,South,Marketplace,Debit Card,False
101163,2025-07-28,944,Fashion,Backpack,1,20.43,0,20.43,20.43,East,Website,Digital Wallet,False
101783,2025-07-28,1109,Home & Kitchen,Coffee Maker,2,133.66,0,267.32,267.32,East,Website,Credit Card,False
101949,2025-07-28,38,Sports,Resistance Bands,1,38.92,0,38.92,38.92,West,Marketplace,Digital Wallet,False
100335,2025-07-28,366,Electronics,USB-C Charger,1,161.27,0,161.27,161.27,South,Mobile App,Debit Card,False
101565,2025-07-28,858,Electronics,USB-C Charger,2,48.96,0,97.92,97.92,East,Website,Credit Card,True
102790,2025-07-28,125,Sports,Resistance Bands,1,76.72,20,76.72,61.38,South,Mobile App,Debit Card,False
102033,2025-07-30,430,Electronics,Laptop Stand,3,76.5,10,229.5,206.55,West,Mobile App,Digital Wallet,False
102192,2025-07-31,1043,Beauty,Shampoo Bar,1,28.14,10,28.14,25.33,North,Website,Credit Card,False
100163,2025-07-31,311,Home & Kitchen,Air Fryer,1,141.8,0,141.8,141.8,West,Website,Cash on Delivery,False
100491,2025-07-31,78,Electronics,USB-C Charger,2,127.81,0,255.62,255.62,West,Marketplace,Cash on Delivery,False
102545,2025-08-01,374,Electronics,Wireless Earbuds,1,179.75,0,179.75,179.75,North,Website,Credit Card,False
102324,2025-08-01,729,Home & Kitchen,Coffee Maker,1,50.09,10,50.09,45.08,North,Website,Digital Wallet,False
100942,2025-08-01,1110,Electronics,Laptop Stand,1,78.62,0,78.62,78.62,South,Website,Credit Card,False
101279,2025-08-01,392,Sports,Resistance Bands,1,25.51,10,25.51,22.96,East,Marketplace,Credit Card,False
100759,2025-08-01,486,Fashion,Backpack,2,73.33,0,146.66,146.66,South,Mobile App,Credit Card,False
100215,2025-08-01,460,Fashion,Running Shoes,1,37.63,0,37.63,37.63,North,Website,Digital Wallet,False
101786,2025-08-02,548,Home & Kitchen,Non-Stick Pan Set,1,145.66,0,145.66,145.66,West,Mobile App,Cash on Delivery,False
100887,2025-08-02,173,Fashion,Running Shoes,1,56.37,0,56.37,56.37,West,Website,Digital Wallet,False
101665,2025-08-02,250,Home & Kitchen,Non-Stick Pan Set,2,37.51,5,75.02,71.27,North,Marketplace,Debit Card,False
100284,2025-08-02,327,Fashion,Backpack,1,74.15,0,74.15,74.15,East,Website,Credit Card,False
102990,2025-08-03,14,Electronics,USB-C Charger,3,95.52,0,286.56,286.56,West,Website,Cash on Delivery,False
100551,2025-08-03,838,Beauty,Shampoo Bar,3,32.39,5,97.17,92.31,West,Website,Cash on Delivery,False
102431,2025-08-03,165,Electronics,Wireless Earbuds,1,50.36,10,50.36,45.32,West,Mobile App,Debit Card,False
100541,2025-08-03,640,Fashion,Wool Sweater,1,38.64,5,38.64,36.71,South,Website,Digital Wallet,False
100908,2025-08-03,134,Home & Kitchen,Coffee Maker,2,125.85,0,251.7,251.7,West,Mobile App,Debit Card,False
102347,2025-08-03,859,Home & Kitchen,Non-Stick Pan Set,2,68.77,0,137.54,137.54,North,Mobile App,Credit Card,False
101292,2025-08-03,1158,Fashion,Sunglasses,1,113.47,15,113.47,96.45,Central,Mobile App,Debit Card,False
100155,2025-08-03,1184,Electronics,Phone Case,1,159.74,0,159.74,159.74,Central,Mobile App,Debit Card,False
101797,2025-08-04,1034,Fashion,Backpack,1,86.93,0,86.93,86.93,East,Website,Digital Wallet,False
100246,2025-08-04,407,Electronics,Phone Case,1,104.5,10,104.5,94.05,South,Mobile App,Debit Card,False
100922,2025-08-04,185,Beauty,Shampoo Bar,2,25.56,5,51.12,48.56,North,Website,Digital Wallet,False
101653,2025-08-04,85,Beauty,Body Lotion,1,38.42,0,38.42,38.42,West,Mobile App,Digital Wallet,False
100196,2025-08-04,188,Fashion,Denim Jacket,2,110.49,0,220.98,220.98,North,Website,Debit Card,False
100330,2025-08-05,490,Fashion,Sunglasses,1,56.03,0,56.03,56.03,East,Website,Digital Wallet,False
100480,2025-08-05,56,Beauty,Shampoo Bar,1,50.35,0,50.35,50.35,South,Marketplace,Digital Wallet,False
101487,2025-08-05,846,Electronics,USB-C Charger,1,87.56,15,87.56,74.43,South,Mobile App,Cash on Delivery,False
101372,2025-08-05,417,Home & Kitchen,Non-Stick Pan Set,4,136.83,10,547.32,492.59,West,Website,Digital Wallet,False
101379,2025-08-05,573,Sports,Resistance Bands,2,21.94,0,43.88,43.88,Central,Mobile App,Debit Card,False
101247,2025-08-05,1002,Sports,Resistance Bands,3,51.7,5,155.1,147.34,East,Mobile App,Debit Card,False
100852,2025-08-06,771,Sports,Resistance Bands,1,17.82,0,17.82,17.82,North,Mobile App,Debit Card,False
102211,2025-08-06,117,Fashion,Running Shoes,2,81.03,0,162.06,162.06,East,Marketplace,Digital Wallet,False
101517,2025-08-06,678,Electronics,Phone Case,2,30.42,0,60.84,60.84,West,Mobile App,Debit Card,False
100824,2025-08-06,730,Electronics,Wireless Earbuds,2,96.71,10,193.42,174.08,West,Website,Credit Card,False
102818,2025-08-07,1088,Home & Kitchen,Non-Stick Pan Set,1,109.21,0,109.21,109.21,South,Mobile App,Cash on Delivery,False
101187,2025-08-07,627,Electronics,Wireless Earbuds,1,91.39,20,91.39,73.11,North,Marketplace,Credit Card,False
100802,2025-08-07,992,Electronics,Smart Watch,1,107.12,5,107.12,101.76,East,Marketplace,Credit Card,False
101893,2025-08-07,153,Fashion,Running Shoes,2,29.71,0,59.42,59.42,North,Website,Credit Card,False
101544,2025-08-07,1118,Electronics,Laptop Stand,1,157.5,15,157.5,133.88,Central,Mobile App,Credit Card,False
101053,2025-08-07,296,Electronics,USB-C Charger,1,36.4,5,36.4,34.58,West,Marketplace,Debit Card,False
100817,2025-08-08,714,Fashion,Sunglasses,2,65.41,0,130.82,130.82,South,Website,Credit Card,False
101958,2025-08-08,241,Home & Kitchen,Storage Containers,1,44.99,0,44.99,44.99,East,Website,Credit Card,False
102445,2025-08-08,3,Home & Kitchen,Blender,1,33.86,0,33.86,33.86,South,Mobile App,Credit Card,False
100334,2025-08-08,392,Fashion,Sunglasses,4,63.46,10,253.84,228.46,South,Mobile App,Credit Card,True
102278,2025-08-08,200,Home & Kitchen,Coffee Maker,1,106.69,0,106.69,106.69,South,Mobile App,Credit Card,False
101208,2025-08-09,158,Sports,Dumbbell Set,4,49.03,0,196.12,196.12,West,Website,Digital Wallet,False
102108,2025-08-09,1056,Sports,Yoga Mat,1,50.58,0,50.58,50.58,South,Mobile App,Credit Card,False
102739,2025-08-09,1063,Electronics,USB-C Charger,1,51.23,5,51.23,48.67,South,Website,Credit Card,False
101335,2025-08-09,622,Fashion,Sunglasses,1,96.98,0,96.98,96.98,West,Website,Debit Card,False
102060,2025-08-10,810,Electronics,Phone Case,1,132.28,15,132.28,112.44,West,Website,Digital Wallet,False
102529,2025-08-10,38,Electronics,USB-C Charger,4,148.83,0,595.32,595.32,South,Mobile App,Cash on Delivery,False
102626,2025-08-10,327,Home & Kitchen,Coffee Maker,1,93.58,5,93.58,88.9,Central,Website,Debit Card,False
102642,2025-08-10,1139,Beauty,Body Lotion,1,16.91,15,16.91,14.37,Central,Mobile App,Debit Card,False
100399,2025-08-11,288,Sports,Resistance Bands,1,50.37,0,50.37,50.37,East,Mobile App,Digital Wallet,False
102744,2025-08-11,1055,Electronics,Wireless Earbuds,1,64.58,5,64.58,61.35,West,Website,Debit Card,False
100540,2025-08-11,442,Home & Kitchen,Non-Stick Pan Set,2,42.88,0,85.76,85.76,East,Mobile App,Credit Card,False
100739,2025-08-11,248,Home & Kitchen,Air Fryer,2,27.05,0,54.1,54.1,Central,Website,Digital Wallet,False
101002,2025-08-12,52,Sports,Resistance Bands,2,51.54,0,103.08,103.08,South,Website,Debit Card,False
100156,2025-08-12,637,Fashion,Running Shoes,4,67.16,0,268.64,268.64,Central,Mobile App,Debit Card,False
101390,2025-08-12,425,Electronics,Bluetooth Speaker,1,134.25,0,134.25,134.25,West,Marketplace,Digital Wallet,False
101841,2025-08-12,1181,Electronics,USB-C Charger,2,168.54,20,337.08,269.66,East,Website,Credit Card,False
102479,2025-08-12,996,Sports,Resistance Bands,4,17.83,10,71.32,64.19,North,Website,Debit Card,False
101191,2025-08-13,263,Beauty,Body Lotion,1,52.18,20,52.18,41.74,West,Mobile App,Cash on Delivery,False
101646,2025-08-13,1037,Fashion,Denim Jacket,1,119.48,0,119.48,119.48,North,Mobile App,Digital Wallet,False
100258,2025-08-13,390,Electronics,Wireless Earbuds,1,104.23,0,104.23,104.23,North,Website,Digital Wallet,False
102486,2025-08-14,234,Electronics,Phone Case,1,114.34,0,114.34,114.34,North,Marketplace,Digital Wallet,False
100600,2025-08-14,1008,Fashion,Backpack,1,72.13,0,72.13,72.13,North,Mobile App,Credit Card,False
101737,2025-08-14,498,Home & Kitchen,Storage Containers,1,108.72,5,108.72,103.28,Central,Marketplace,Debit Card,False
102813,2025-08-14,1005,Fashion,Wool Sweater,1,84.07,0,84.07,84.07,East,Mobile App,Debit Card,False
100777,2025-08-14,135,Electronics,Laptop Stand,1,87.35,0,87.35,87.35,South,Website,Credit Card,False
100672,2025-08-14,992,Electronics,Laptop Stand,1,174.05,0,174.05,174.05,North,Website,Debit Card,False
102472,2025-08-15,206,Electronics,Bluetooth Speaker,1,28.91,0,28.91,28.91,East,Marketplace,Debit Card,False
100849,2025-08-16,259,Beauty,Face Serum,1,13.51,10,13.51,12.16,South,Mobile App,Debit Card,False
100146,2025-08-16,711,Beauty,Makeup Brush Set,2,30.65,0,61.3,61.3,North,Website,Debit Card,False
100568,2025-08-16,1098,Home & Kitchen,Non-Stick Pan Set,1,83.6,0,83.6,83.6,Central,Mobile App,Cash on Delivery,False
101834,2025-08-16,237,Electronics,Wireless Earbuds,1,156.13,5,156.13,148.32,East,Mobile App,Digital Wallet,False
102254,2025-08-16,1148,Fashion,Backpack,2,28.8,0,57.6,57.6,West,Website,Cash on Delivery,False
101423,2025-08-17,1167,Sports,Resistance Bands,1,53.52,5,53.52,50.84,Central,Marketplace,Cash on Delivery,False
101122,2025-08-17,95,Fashion,Running Shoes,1,65.55,10,65.55,59.0,South,Website,Credit Card,False
102591,2025-08-17,387,Beauty,Makeup Brush Set,1,22.58,0,22.58,22.58,North,Website,Cash on Delivery,False
100915,2025-08-17,913,Sports,Dumbbell Set,1,20.38,0,20.38,20.38,East,Website,Credit Card,False
100298,2025-08-17,902,Fashion,Sunglasses,1,85.77,0,85.77,85.77,Central,Website,Credit Card,False
101338,2025-08-17,827,Electronics,USB-C Charger,1,83.61,0,83.61,83.61,North,Marketplace,Credit Card,False
100891,2025-08-17,1111,Electronics,USB-C Charger,2,38.97,5,77.94,74.04,East,Mobile App,Credit Card,False
100315,2025-08-17,52,Electronics,USB-C Charger,3,26.23,0,78.69,78.69,South,Mobile App,Credit Card,False
102457,2025-08-18,716,Home & Kitchen,Coffee Maker,1,95.79,5,95.79,91.0,South,Website,Cash on Delivery,False
100197,2025-08-18,270,Fashion,Sunglasses,1,16.41,0,16.41,16.41,West,Website,Credit Card,False
102512,2025-08-19,1199,Electronics,Bluetooth Speaker,2,177.76,15,355.52,302.19,South,Marketplace,Credit Card,False
100667,2025-08-19,236,Home & Kitchen,Blender,1,73.03,0,73.03,73.03,North,Mobile App,Credit Card,False
101666,2025-08-19,1167,Fashion,Sunglasses,1,117.71,0,117.71,117.71,East,Mobile App,Digital Wallet,False
102014,2025-08-19,521,Sports,Resistance Bands,1,16.76,0,16.76,16.76,East,Mobile App,Credit Card,False
101691,2025-08-20,1023,Fashion,Wool Sweater,2,64.15,10,128.3,115.47,Central,Website,Credit Card,False
102319,2025-08-20,563,Beauty,Body Lotion,1,31.57,5,31.57,29.99,West,Mobile App,Debit Card,False
100959,2025-08-20,395,Beauty,Shampoo Bar,1,29.93,0,29.93,29.93,Central,Mobile App,Credit Card,False
101485,2025-08-20,58,Sports,Resistance Bands,2,63.65,0,127.3,127.3,Central,Mobile App,Credit Card,False
101680,2025-08-21,92,Home & Kitchen,Coffee Maker,1,50.07,0,50.07,50.07,North,Website,Credit Card,False
100990,2025-08-21,581,Fashion,Running Shoes,4,67.99,5,271.96,258.36,North,Marketplace,Credit Card,False
101171,2025-08-22,536,Electronics,Wireless Earbuds,1,102.38,0,102.38,102.38,East,Mobile App,Debit Card,False
102478,2025-08-22,940,Electronics,USB-C Charger,2,144.66,10,289.32,260.39,South,Mobile App,Debit Card,True
102655,2025-08-22,959,Fashion,Running Shoes,3,46.53,0,139.59,139.59,North,Mobile App,Digital Wallet,False
101405,2025-08-22,687,Home & Kitchen,Blender,2,29.06,10,58.12,52.31,West,Mobile App,Credit Card,False
101807,2025-08-22,1163,Fashion,Denim Jacket,3,81.78,0,245.34,245.34,West,Mobile App,Debit Card,False
100405,2025-08-23,60,Sports,Dumbbell Set,1,20.11,5,20.11,19.1,North,Website,Credit Card,False
100721,2025-08-23,1169,Electronics,Wireless Earbuds,4,49.91,0,199.64,199.64,West,Website,Cash on Delivery,False
100882,2025-08-23,638,Electronics,USB-C Charger,1,126.21,5,126.21,119.9,South,Mobile App,Credit Card,False
101505,2025-08-23,241,Electronics,Phone Case,2,115.85,5,231.7,220.11,North,Website,Digital Wallet,False
100583,2025-08-23,1075,Fashion,Running Shoes,1,34.07,0,34.07,34.07,West,Website,Cash on Delivery,False
100412,2025-08-23,611,Home & Kitchen,Coffee Maker,1,60.94,0,60.94,60.94,East,Mobile App,Digital Wallet,False
102399,2025-08-23,123,Sports,Dumbbell Set,2,33.94,0,67.88,67.88,East,Mobile App,Credit Card,False
101493,2025-08-23,797,Sports,Dumbbell Set,1,83.03,0,83.03,83.03,West,Website,Debit Card,False
100557,2025-08-24,873,Home & Kitchen,Coffee Maker,1,101.33,5,101.33,96.26,Central,Marketplace,Digital Wallet,False
101377,2025-08-24,462,Electronics,Laptop Stand,1,166.12,0,166.12,166.12,South,Mobile App,Digital Wallet,True
101766,2025-08-24,1127,Sports,Dumbbell Set,1,21.85,5,21.85,20.76,North,Mobile App,Debit Card,False
100038,2025-08-24,729,Home & Kitchen,Blender,1,56.64,5,56.64,53.81,Central,Marketplace,Credit Card,False
100832,2025-08-24,26,Electronics,Laptop Stand,1,74.32,5,74.32,70.6,Central,Mobile App,Debit Card,True
101169,2025-08-24,1152,Sports,Water Bottle,1,47.93,0,47.93,47.93,West,Website,Digital Wallet,False
101636,2025-08-25,893,Fashion,Sunglasses,1,103.76,0,103.76,103.76,North,Marketplace,Credit Card,False
101686,2025-08-25,670,Home & Kitchen,Blender,1,99.96,0,99.96,99.96,South,Website,Credit Card,False
102734,2025-08-25,203,Home & Kitchen,Coffee Maker,2,36.77,15,73.54,62.51,South,Mobile App,Credit Card,False
102612,2025-08-26,724,Electronics,Laptop Stand,3,96.21,5,288.63,274.2,Central,Website,Debit Card,False
100796,2025-08-26,763,Home & Kitchen,Non-Stick Pan Set,1,103.56,10,103.56,93.2,West,Website,Cash on Delivery,False
100147,2025-08-27,842,Home & Kitchen,Coffee Maker,1,90.94,0,90.94,90.94,East,Mobile App,Digital Wallet,False
100450,2025-08-27,521,Sports,Resistance Bands,1,68.87,0,68.87,68.87,East,Website,Credit Card,False
100123,2025-08-27,378,Beauty,Makeup Brush Set,1,31.59,0,31.59,31.59,Central,Website,Credit Card,False
102982,2025-08-28,760,Electronics,Bluetooth Speaker,1,87.75,10,87.75,78.98,Central,Website,Credit Card,False
102366,2025-08-28,77,Electronics,USB-C Charger,4,124.97,10,499.88,449.89,Central,Marketplace,Credit Card,False
100724,2025-08-28,558,Beauty,Shampoo Bar,2,19.16,0,38.32,38.32,North,Website,Credit Card,False
102436,2025-08-28,522,Fashion,Wool Sweater,1,89.41,15,89.41,76.0,Central,Mobile App,Digital Wallet,False
101572,2025-08-28,323,Fashion,Denim Jacket,1,26.2,0,26.2,26.2,North,Mobile App,Cash on Delivery,True
102435,2025-08-29,752,Fashion,Running Shoes,1,43.21,0,43.21,43.21,North,Mobile App,Credit Card,False
100956,2025-08-29,974,Home & Kitchen,Coffee Maker,2,29.71,0,59.42,59.42,East,Mobile App,Credit Card,False
100762,2025-08-29,1051,Beauty,Face Serum,1,24.99,0,24.99,24.99,South,Website,Cash on Delivery,False
101594,2025-08-30,217,Electronics,Bluetooth Speaker,1,125.06,5,125.06,118.81,North,Mobile App,Digital Wallet,False
101724,2025-08-30,583,Fashion,Wool Sweater,1,66.51,0,66.51,66.51,North,Marketplace,Debit Card,False
100476,2025-08-30,501,Fashion,Denim Jacket,1,35.4,10,35.4,31.86,North,Mobile App,Credit Card,False
100168,2025-08-30,663,Fashion,Sunglasses,1,61.15,5,61.15,58.09,Central,Website,Debit Card,False
101275,2025-08-30,177,Electronics,Laptop Stand,1,34.42,0,34.42,34.42,East,Marketplace,Digital Wallet,False
102316,2025-08-30,168,Fashion,Wool Sweater,1,63.18,10,63.18,56.86,South,Website,Debit Card,False
101714,2025-08-30,944,Fashion,Backpack,1,113.08,5,113.08,107.43,South,Mobile App,Debit Card,False
101021,2025-09-01,974,Beauty,Shampoo Bar,1,56.23,0,56.23,56.23,West,Website,Credit Card,False
101703,2025-09-01,869,Home & Kitchen,Coffee Maker,2,55.05,0,110.1,110.1,South,Website,Credit Card,False
102902,2025-09-01,916,Electronics,Laptop Stand,1,176.66,10,176.66,158.99,Central,Website,Credit Card,False
101120,2025-09-02,805,Fashion,Running Shoes,1,73.58,0,73.58,73.58,South,Mobile App,Credit Card,False
102076,2025-09-02,890,Home & Kitchen,Blender,1,62.8,10,62.8,56.52,South,Mobile App,Credit Card,False
102302,2025-09-02,716,Home & Kitchen,Storage Containers,2,46.1,0,92.2,92.2,East,Website,Debit Card,False
101652,2025-09-03,628,Home & Kitchen,Coffee Maker,1,145.74,20,145.74,116.59,East,Mobile App,Cash on Delivery,False
102805,2025-09-03,481,Fashion,Sunglasses,1,18.37,5,18.37,17.45,East,Mobile App,Debit Card,False
101340,2025-09-03,432,Fashion,Denim Jacket,1,78.98,10,78.98,71.08,North,Website,Credit Card,False
102589,2025-09-04,666,Beauty,Makeup Brush Set,2,28.65,0,57.3,57.3,East,Website,Credit Card,False
102597,2025-09-04,1126,Sports,Resistance Bands,1,62.6,10,62.6,56.34,Central,Marketplace,Debit Card,False
100599,2025-09-04,222,Fashion,Running Shoes,1,26.22,15,26.22,22.29,East,Mobile App,Credit Card,False
100939,2025-09-05,522,Fashion,Sunglasses,1,72.18,0,72.18,72.18,North,Mobile App,Credit Card,False
102576,2025-09-05,727,Fashion,Denim Jacket,2,38.14,15,76.28,64.84,East,Mobile App,Credit Card,False
100218,2025-09-05,1087,Electronics,Wireless Earbuds,2,70.29,10,140.58,126.52,North,Mobile App,Cash on Delivery,False
101731,2025-09-05,11,Fashion,Denim Jacket,2,78.93,0,157.86,157.86,South,Marketplace,Credit Card,False
101599,2025-09-06,25,Home & Kitchen,Blender,1,144.26,5,144.26,137.05,South,Mobile App,Credit Card,False
100618,2025-09-07,1046,Electronics,Laptop Stand,1,110.23,5,110.23,104.72,North,Marketplace,Debit Card,False
100510,2025-09-07,950,Fashion,Wool Sweater,1,48.38,0,48.38,48.38,North,Website,Debit Card,False
101359,2025-09-08,348,Fashion,Denim Jacket,1,42.19,5,42.19,40.08,West,Website,Cash on Delivery,False
102339,2025-09-08,652,Electronics,Bluetooth Speaker,1,73.09,0,73.09,73.09,West,Mobile App,Credit Card,False
100668,2025-09-08,994,Electronics,Bluetooth Speaker,1,179.88,0,179.88,179.88,East,Mobile App,Credit Card,False
102200,2025-09-08,1121,Electronics,USB-C Charger,2,100.84,10,201.68,181.51,Central,Website,Credit Card,False
100917,2025-09-08,1072,Sports,Dumbbell Set,1,53.3,0,53.3,53.3,Central,Mobile App,Digital Wallet,False
101869,2025-09-09,535,Home & Kitchen,Non-Stick Pan Set,1,108.7,0,108.7,108.7,Central,Website,Debit Card,False
102951,2025-09-10,611,Electronics,Laptop Stand,2,173.23,10,346.46,311.81,South,Website,Debit Card,False
100328,2025-09-10,719,Sports,Resistance Bands,1,27.41,0,27.41,27.41,West,Mobile App,Credit Card,False
100731,2025-09-10,826,Electronics,Bluetooth Speaker,1,122.03,0,122.03,122.03,Central,Mobile App,Debit Card,False
102840,2025-09-10,168,Electronics,Wireless Earbuds,1,76.8,10,76.8,69.12,West,Mobile App,Digital Wallet,False
102460,2025-09-10,516,Fashion,Denim Jacket,3,27.32,0,81.96,81.96,North,Mobile App,Debit Card,False
100938,2025-09-10,78,Sports,Yoga Mat,1,59.25,20,59.25,47.4,West,Mobile App,Cash on Delivery,False
101704,2025-09-11,780,Electronics,Smart Watch,1,26.13,0,26.13,26.13,North,Mobile App,Digital Wallet,False
100535,2025-09-11,318,Electronics,Smart Watch,1,143.4,10,143.4,129.06,West,Marketplace,Credit Card,True
102288,2025-09-11,452,Fashion,Sunglasses,1,114.6,10,114.6,103.14,West,Mobile App,Digital Wallet,False
101024,2025-09-11,1024,Sports,Water Bottle,1,60.64,0,60.64,60.64,East,Mobile App,Digital Wallet,False
100896,2025-09-11,290,Electronics,Wireless Earbuds,1,157.94,0,157.94,157.94,East,Mobile App,Credit Card,False
102988,2025-09-11,1065,Beauty,Face Serum,1,13.58,10,13.58,12.22,South,Mobile App,Digital Wallet,False
102394,2025-09-12,851,Home & Kitchen,Blender,1,47.5,0,47.5,47.5,Central,Website,Credit Card,False
102038,2025-09-12,77,Beauty,Makeup Brush Set,2,53.65,0,107.3,107.3,Central,Website,Digital Wallet,False
102505,2025-09-12,686,Sports,Dumbbell Set,2,23.15,0,46.3,46.3,East,Website,Digital Wallet,False
101826,2025-09-12,409,Fashion,Backpack,1,30.75,0,30.75,30.75,Central,Website,Credit Card,False
101780,2025-09-12,723,Home & Kitchen,Non-Stick Pan Set,1,61.92,10,61.92,55.73,South,Website,Digital Wallet,False
100993,2025-09-12,719,Electronics,Smart Watch,1,106.65,0,106.65,106.65,West,Website,Debit Card,False
100503,2025-09-13,1188,Home & Kitchen,Storage Containers,1,135.03,0,135.03,135.03,North,Marketplace,Cash on Delivery,False
102594,2025-09-13,821,Electronics,Bluetooth Speaker,1,86.5,0,86.5,86.5,South,Website,Credit Card,False
102272,2025-09-13,697,Electronics,Phone Case,1,39.22,5,39.22,37.26,West,Website,Credit Card,False
100221,2025-09-13,661,Home & Kitchen,Storage Containers,1,128.96,0,128.96,128.96,East,Marketplace,Digital Wallet,False
100407,2025-09-13,639,Electronics,Bluetooth Speaker,2,44.76,10,89.52,80.57,West,Marketplace,Digital Wallet,False
100910,2025-09-13,288,Home & Kitchen,Blender,1,68.8,0,68.8,68.8,North,Website,Debit Card,False
102464,2025-09-14,753,Sports,Water Bottle,3,26.51,0,79.53,79.53,North,Marketplace,Credit Card,False
100870,2025-09-14,88,Home & Kitchen,Air Fryer,2,81.96,0,163.92,163.92,West,Website,Debit Card,False
102030,2025-09-14,886,Beauty,Face Serum,2,16.74,0,33.48,33.48,South,Website,Credit Card,False
102429,2025-09-14,1118,Electronics,Phone Case,1,97.83,0,97.83,97.83,East,Mobile App,Credit Card,False
101268,2025-09-15,718,Home & Kitchen,Air Fryer,2,75.32,0,150.64,150.64,West,Website,Digital Wallet,True
101154,2025-09-15,596,Home & Kitchen,Storage Containers,1,72.36,5,72.36,68.74,Central,Mobile App,Credit Card,False
102515,2025-09-15,661,Home & Kitchen,Blender,1,139.67,10,139.67,125.7,West,Marketplace,Digital Wallet,False
102832,2025-09-16,1146,Electronics,Phone Case,1,126.08,0,126.08,126.08,South,Website,Digital Wallet,False
102151,2025-09-16,104,Home & Kitchen,Non-Stick Pan Set,2,116.25,0,232.5,232.5,East,Mobile App,Credit Card,False
102215,2025-09-16,594,Electronics,Wireless Earbuds,2,126.36,0,252.72,252.72,South,Website,Debit Card,False
102682,2025-09-16,621,Electronics,USB-C Charger,1,125.67,0,125.67,125.67,East,Mobile App,Credit Card,False
100968,2025-09-17,1166,Fashion,Sunglasses,1,60.07,0,60.07,60.07,Central,Marketplace,Debit Card,True
102853,2025-09-17,1052,Beauty,Face Serum,1,22.06,0,22.06,22.06,North,Website,Digital Wallet,False
100545,2025-09-17,82,Fashion,Denim Jacket,1,82.09,0,82.09,82.09,South,Website,Debit Card,False
100182,2025-09-17,39,Sports,Resistance Bands,1,84.27,0,84.27,84.27,North,Mobile App,Credit Card,False
101986,2025-09-18,674,Home & Kitchen,Blender,1,102.7,5,102.7,97.56,East,Marketplace,Debit Card,False
101964,2025-09-18,684,Home & Kitchen,Blender,2,91.5,10,183.0,164.7,East,Marketplace,Cash on Delivery,False
100442,2025-09-18,313,Fashion,Backpack,1,88.58,15,88.58,75.29,South,Mobile App,Credit Card,False
102342,2025-09-18,308,Fashion,Backpack,1,51.65,5,51.65,49.07,West,Mobile App,Digital Wallet,False
101593,2025-09-19,806,Sports,Resistance Bands,1,58.83,0,58.83,58.83,North,Mobile App,Debit Card,False
102819,2025-09-19,7,Electronics,Phone Case,1,131.86,15,131.86,112.08,West,Mobile App,Credit Card,False
100361,2025-09-19,649,Fashion,Sunglasses,1,68.53,0,68.53,68.53,West,Website,Digital Wallet,False
100899,2025-09-19,514,Electronics,Phone Case,1,151.22,10,151.22,136.1,West,Website,Credit Card,False
100174,2025-09-20,554,Home & Kitchen,Non-Stick Pan Set,1,132.41,5,132.41,125.79,East,Website,Credit Card,False
102498,2025-09-20,248,Beauty,Face Serum,2,57.2,0,114.4,114.4,West,Mobile App,Debit Card,False
100965,2025-09-20,428,Home & Kitchen,Blender,1,89.34,0,89.34,89.34,West,Website,Debit Card,False
100869,2025-09-20,632,Electronics,USB-C Charger,1,42.61,20,42.61,34.09,South,Mobile App,Debit Card,False
102019,2025-09-21,514,Home & Kitchen,Air Fryer,1,126.05,0,126.05,126.05,North,Mobile App,Credit Card,False
100347,2025-09-22,925,Fashion,Wool Sweater,1,21.55,0,21.55,21.55,West,Mobile App,Digital Wallet,False
100495,2025-09-22,963,Sports,Resistance Bands,1,65.7,0,65.7,65.7,South,Website,Digital Wallet,False
102955,2025-09-22,328,Home & Kitchen,Coffee Maker,3,124.54,10,373.62,336.26,Central,Marketplace,Digital Wallet,False
100431,2025-09-22,890,Home & Kitchen,Air Fryer,1,44.03,5,44.03,41.83,South,Website,Digital Wallet,False
101126,2025-09-22,978,Fashion,Wool Sweater,1,85.74,0,85.74,85.74,West,Website,Digital Wallet,False
101224,2025-09-22,676,Home & Kitchen,Non-Stick Pan Set,2,133.99,0,267.98,267.98,Central,Mobile App,Debit Card,False
101244,2025-09-22,371,Electronics,Wireless Earbuds,2,170.99,10,341.98,307.78,North,Website,Debit Card,False
100570,2025-09-23,626,Beauty,Makeup Brush Set,1,27.52,0,27.52,27.52,West,Marketplace,Cash on Delivery,False
102123,2025-09-23,486,Sports,Dumbbell Set,2,52.74,5,105.48,100.21,South,Website,Credit Card,False
100139,2025-09-23,511,Beauty,Body Lotion,1,52.94,0,52.94,52.94,West,Website,Credit Card,False
100809,2025-09-23,753,Electronics,USB-C Charger,1,76.9,0,76.9,76.9,North,Mobile App,Credit Card,False
102887,2025-09-24,622,Electronics,USB-C Charger,1,88.67,0,88.67,88.67,South,Mobile App,Credit Card,False
100950,2025-09-24,787,Sports,Dumbbell Set,1,45.37,0,45.37,45.37,Central,Website,Debit Card,False
101650,2025-09-24,1087,Home & Kitchen,Coffee Maker,1,29.56,0,29.56,29.56,Central,Mobile App,Digital Wallet,False
101307,2025-09-24,982,Fashion,Wool Sweater,2,97.97,5,195.94,186.14,Central,Website,Credit Card,False
101827,2025-09-24,52,Fashion,Wool Sweater,1,48.05,5,48.05,45.65,West,Mobile App,Digital Wallet,False
102855,2025-09-24,1140,Fashion,Backpack,2,64.61,5,129.22,122.76,East,Website,Debit Card,False
100032,2025-09-25,704,Electronics,Bluetooth Speaker,1,62.17,0,62.17,62.17,Central,Website,Cash on Delivery,False
100963,2025-09-25,1083,Beauty,Body Lotion,1,59.23,0,59.23,59.23,North,Website,Debit Card,False
102414,2025-09-25,206,Electronics,Laptop Stand,2,171.53,10,343.06,308.75,Central,Marketplace,Cash on Delivery,False
100833,2025-09-26,949,Beauty,Body Lotion,4,14.08,0,56.32,56.32,North,Website,Digital Wallet,False
101364,2025-09-26,205,Fashion,Wool Sweater,1,67.54,15,67.54,57.41,East,Website,Debit Card,False
102880,2025-09-26,715,Fashion,Backpack,1,41.15,15,41.15,34.98,East,Mobile App,Debit Card,False
101916,2025-09-26,109,Electronics,Wireless Earbuds,1,44.17,20,44.17,35.34,East,Website,Credit Card,False
100803,2025-09-26,342,Sports,Yoga Mat,1,12.59,0,12.59,12.59,Central,Mobile App,Digital Wallet,False
101816,2025-09-26,208,Sports,Yoga Mat,1,18.69,0,18.69,18.69,South,Marketplace,Debit Card,False
102348,2025-09-26,351,Electronics,Laptop Stand,1,126.83,20,126.83,101.46,East,Website,Credit Card,False
102659,2025-09-27,1111,Home & Kitchen,Storage Containers,2,145.76,0,291.52,291.52,East,Mobile App,Cash on Delivery,False
100219,2025-09-27,286,Beauty,Body Lotion,1,41.02,0,41.02,41.02,Central,Mobile App,Credit Card,False
102571,2025-09-27,642,Electronics,USB-C Charger,2,140.95,5,281.9,267.8,South,Marketplace,Digital Wallet,False
100905,2025-09-28,867,Sports,Yoga Mat,1,35.46,0,35.46,35.46,South,Marketplace,Credit Card,False
101859,2025-09-28,679,Beauty,Face Serum,1,32.99,0,32.99,32.99,West,Mobile App,Credit Card,False
101172,2025-09-28,989,Home & Kitchen,Blender,2,118.32,0,236.64,236.64,Central,Website,Debit Card,False
100914,2025-09-28,1114,Home & Kitchen,Storage Containers,2,89.47,0,178.94,178.94,West,Website,Digital Wallet,False
102834,2025-09-29,812,Fashion,Running Shoes,1,56.81,5,56.81,53.97,South,Website,Credit Card,False
101549,2025-09-29,1035,Electronics,Smart Watch,2,79.05,5,158.1,150.2,West,Website,Credit Card,False
100349,2025-09-29,39,Electronics,Laptop Stand,2,68.15,0,136.3,136.3,Central,Website,Credit Card,False
102184,2025-09-29,52,Home & Kitchen,Non-Stick Pan Set,1,56.22,0,56.22,56.22,Central,Website,Digital Wallet,False
101953,2025-09-29,519,Beauty,Makeup Brush Set,1,38.11,0,38.11,38.11,South,Mobile App,Cash on Delivery,False
101176,2025-09-29,427,Sports,Water Bottle,1,23.87,0,23.87,23.87,Central,Website,Digital Wallet,False
101993,2025-09-30,1008,Electronics,Smart Watch,1,146.97,0,146.97,146.97,East,Mobile App,Debit Card,False
102143,2025-09-30,162,Fashion,Denim Jacket,2,112.33,0,224.66,224.66,East,Website,Digital Wallet,False
101139,2025-09-30,299,Beauty,Body Lotion,1,24.48,0,24.48,24.48,Central,Marketplace,Debit Card,False
102359,2025-10-01,899,Beauty,Shampoo Bar,2,38.27,0,76.54,76.54,North,Mobile App,Credit Card,False
100747,2025-10-01,166,Beauty,Body Lotion,1,9.49,0,9.49,9.49,Central,Marketplace,Cash on Delivery,False
101200,2025-10-01,855,Sports,Water Bottle,2,35.24,0,70.48,70.48,West,Marketplace,Digital Wallet,False
100628,2025-10-01,345,Electronics,Bluetooth Speaker,1,94.25,20,94.25,75.4,South,Marketplace,Digital Wallet,False
102632,2025-10-01,508,Beauty,Shampoo Bar,1,38.23,10,38.23,34.41,Central,Website,Digital Wallet,False
100659,2025-10-02,664,Electronics,Wireless Earbuds,2,125.19,0,250.38,250.38,West,Website,Digital Wallet,False
100531,2025-10-02,530,Electronics,Phone Case,1,26.41,0,26.41,26.41,South,Mobile App,Credit Card,False
101258,2025-10-02,696,Electronics,Phone Case,1,129.47,0,129.47,129.47,North,Mobile App,Credit Card,False
101081,2025-10-02,639,Home & Kitchen,Air Fryer,2,73.01,5,146.02,138.72,Central,Mobile App,Debit Card,False
102496,2025-10-03,749,Beauty,Makeup Brush Set,1,18.46,5,18.46,17.54,West,Marketplace,Debit Card,False
101698,2025-10-03,504,Electronics,Smart Watch,1,81.06,20,81.06,64.85,North,Website,Credit Card,False
101709,2025-10-03,880,Electronics,Wireless Earbuds,2,61.45,10,122.9,110.61,Central,Mobile App,Credit Card,False
101407,2025-10-03,560,Home & Kitchen,Storage Containers,2,136.07,5,272.14,258.53,North,Mobile App,Digital Wallet,False
101657,2025-10-03,674,Home & Kitchen,Coffee Maker,2,35.34,0,70.68,70.68,North,Website,Credit Card,False
102301,2025-10-04,903,Sports,Water Bottle,1,43.25,0,43.25,43.25,Central,Website,Digital Wallet,False
100743,2025-10-04,408,Home & Kitchen,Air Fryer,1,85.76,5,85.76,81.47,Central,Mobile App,Debit Card,False
101473,2025-10-04,482,Fashion,Backpack,1,35.8,20,35.8,28.64,East,Website,Digital Wallet,False
100087,2025-10-04,1032,Home & Kitchen,Air Fryer,1,136.67,10,136.67,123.0,West,Mobile App,Digital Wallet,True
100132,2025-10-04,159,Electronics,Phone Case,1,130.44,0,130.44,130.44,North,Mobile App,Credit Card,False
101655,2025-10-05,432,Electronics,Phone Case,1,116.83,0,116.83,116.83,South,Mobile App,Credit Card,False
101346,2025-10-06,238,Electronics,Bluetooth Speaker,4,113.85,0,455.4,455.4,South,Marketplace,Debit Card,False
101014,2025-10-06,570,Home & Kitchen,Non-Stick Pan Set,1,82.43,10,82.43,74.19,North,Mobile App,Debit Card,False
102243,2025-10-06,1161,Beauty,Body Lotion,1,46.93,15,46.93,39.89,North,Website,Debit Card,False
100285,2025-10-06,1171,Home & Kitchen,Non-Stick Pan Set,2,127.01,0,254.02,254.02,Central,Mobile App,Credit Card,False
102405,2025-10-06,1056,Home & Kitchen,Air Fryer,1,129.59,15,129.59,110.15,South,Website,Credit Card,False
100342,2025-10-06,193,Electronics,Phone Case,1,133.06,0,133.06,133.06,East,Mobile App,Digital Wallet,False
100808,2025-10-07,824,Sports,Yoga Mat,1,68.44,0,68.44,68.44,North,Website,Credit Card,False
100984,2025-10-07,75,Beauty,Body Lotion,1,33.57,5,33.57,31.89,South,Mobile App,Credit Card,False
102495,2025-10-07,1138,Electronics,Smart Watch,1,144.78,0,144.78,144.78,West,Website,Digital Wallet,False
101185,2025-10-08,249,Fashion,Wool Sweater,2,63.1,0,126.2,126.2,East,Website,Cash on Delivery,False
100004,2025-10-08,92,Electronics,Bluetooth Speaker,3,172.08,10,516.24,464.62,North,Website,Credit Card,False
100611,2025-10-08,856,Electronics,Smart Watch,2,28.41,10,56.82,51.14,East,Website,Credit Card,False
101479,2025-10-08,514,Home & Kitchen,Non-Stick Pan Set,1,120.86,15,120.86,102.73,West,Website,Credit Card,False
101605,2025-10-09,1017,Sports,Water Bottle,1,72.7,10,72.7,65.43,Central,Marketplace,Credit Card,False
102908,2025-10-09,476,Fashion,Denim Jacket,1,71.25,0,71.25,71.25,East,Website,Credit Card,False
100151,2025-10-09,1132,Home & Kitchen,Non-Stick Pan Set,1,113.29,20,113.29,90.63,South,Website,Credit Card,False
100226,2025-10-09,653,Electronics,Bluetooth Speaker,1,175.59,0,175.59,175.59,East,Website,Debit Card,False
101689,2025-10-09,1093,Electronics,Bluetooth Speaker,1,25.13,0,25.13,25.13,Central,Website,Credit Card,False
102826,2025-10-09,381,Fashion,Sunglasses,2,38.87,10,77.74,69.97,East,Website,Cash on Delivery,False
100326,2025-10-09,834,Beauty,Body Lotion,2,17.45,10,34.9,31.41,West,Mobile App,Credit Card,False
101059,2025-10-10,564,Electronics,Bluetooth Speaker,1,142.27,0,142.27,142.27,East,Mobile App,Digital Wallet,False
100728,2025-10-10,337,Fashion,Wool Sweater,1,26.1,0,26.1,26.1,East,Website,Credit Card,False
102859,2025-10-11,472,Home & Kitchen,Non-Stick Pan Set,1,36.15,10,36.15,32.53,South,Website,Debit Card,False
101240,2025-10-11,265,Sports,Dumbbell Set,1,16.54,0,16.54,16.54,North,Mobile App,Debit Card,False
101524,2025-10-11,268,Home & Kitchen,Air Fryer,1,50.08,10,50.08,45.07,North,Website,Debit Card,False
101982,2025-10-12,237,Electronics,Phone Case,1,176.87,5,176.87,168.03,South,Marketplace,Digital Wallet,False
101324,2025-10-12,17,Electronics,Laptop Stand,1,70.27,0,70.27,70.27,East,Mobile App,Credit Card,False
101630,2025-10-12,443,Fashion,Running Shoes,1,32.32,0,32.32,32.32,South,Website,Debit Card,False
101772,2025-10-12,898,Fashion,Sunglasses,2,62.57,10,125.14,112.63,East,Mobile App,Digital Wallet,False
100655,2025-10-12,700,Beauty,Makeup Brush Set,1,42.62,5,42.62,40.49,North,Marketplace,Debit Card,False
101950,2025-10-12,395,Sports,Resistance Bands,1,84.56,10,84.56,76.1,North,Mobile App,Digital Wallet,False
101325,2025-10-13,1089,Beauty,Face Serum,1,23.62,0,23.62,23.62,West,Website,Credit Card,True
102041,2025-10-13,74,Electronics,USB-C Charger,1,178.91,0,178.91,178.91,Central,Mobile App,Credit Card,False
100909,2025-10-13,643,Fashion,Backpack,1,68.09,10,68.09,61.28,West,Mobile App,Debit Card,False
101121,2025-10-13,394,Electronics,Smart Watch,1,140.37,0,140.37,140.37,West,Website,Credit Card,False
100964,2025-10-13,625,Fashion,Denim Jacket,2,52.32,0,104.64,104.64,Central,Marketplace,Credit Card,False
102830,2025-10-14,274,Sports,Water Bottle,1,69.71,5,69.71,66.22,Central,Mobile App,Credit Card,False
100046,2025-10-14,505,Home & Kitchen,Air Fryer,2,116.33,10,232.66,209.39,North,Mobile App,Credit Card,False
100687,2025-10-14,1083,Fashion,Denim Jacket,2,40.51,0,81.02,81.02,Central,Mobile App,Credit Card,False
100281,2025-10-14,327,Electronics,Laptop Stand,1,69.78,15,69.78,59.31,East,Mobile App,Debit Card,False
100028,2025-10-15,1149,Sports,Water Bottle,1,12.21,0,12.21,12.21,East,Mobile App,Debit Card,False
102919,2025-10-15,427,Electronics,Wireless Earbuds,1,51.13,0,51.13,51.13,Central,Website,Credit Card,False
100844,2025-10-16,596,Electronics,Wireless Earbuds,1,88.02,0,88.02,88.02,West,Website,Digital Wallet,False
101883,2025-10-16,797,Fashion,Denim Jacket,1,26.58,20,26.58,21.26,West,Website,Debit Card,False
101639,2025-10-16,1186,Home & Kitchen,Blender,4,60.4,5,241.6,229.52,East,Mobile App,Debit Card,False
102764,2025-10-17,488,Fashion,Denim Jacket,1,97.32,15,97.32,82.72,South,Website,Cash on Delivery,False
100403,2025-10-17,845,Electronics,Smart Watch,1,91.5,10,91.5,82.35,Central,Mobile App,Cash on Delivery,False
102365,2025-10-17,1049,Electronics,Bluetooth Speaker,2,86.99,5,173.98,165.28,East,Website,Credit Card,False
100629,2025-10-18,1047,Fashion,Wool Sweater,2,41.98,5,83.96,79.76,North,Mobile App,Digital Wallet,False
100031,2025-10-18,1013,Home & Kitchen,Blender,1,77.07,0,77.07,77.07,Central,Website,Debit Card,False
101785,2025-10-18,709,Fashion,Running Shoes,2,107.34,0,214.68,214.68,Central,Mobile App,Digital Wallet,False
102396,2025-10-19,338,Electronics,Wireless Earbuds,1,146.8,0,146.8,146.8,East,Mobile App,Debit Card,False
100385,2025-10-19,494,Electronics,USB-C Charger,2,91.41,10,182.82,164.54,Central,Mobile App,Credit Card,False
100235,2025-10-19,195,Home & Kitchen,Storage Containers,1,55.8,10,55.8,50.22,West,Website,Credit Card,False
101887,2025-10-20,355,Fashion,Backpack,2,91.83,5,183.66,174.48,Central,Marketplace,Credit Card,False
100024,2025-10-20,1061,Fashion,Running Shoes,4,19.58,0,78.32,78.32,Central,Marketplace,Digital Wallet,False
100325,2025-10-20,560,Beauty,Face Serum,1,33.19,0,33.19,33.19,North,Mobile App,Cash on Delivery,False
102179,2025-10-21,822,Sports,Water Bottle,1,32.92,0,32.92,32.92,South,Mobile App,Credit Card,False
101087,2025-10-22,1137,Sports,Dumbbell Set,2,25.48,0,50.96,50.96,South,Website,Digital Wallet,False
100752,2025-10-23,268,Electronics,Laptop Stand,1,123.97,15,123.97,105.37,East,Website,Digital Wallet,False
100821,2025-10-23,146,Electronics,Phone Case,2,142.54,5,285.08,270.83,East,Website,Credit Card,False
100305,2025-10-23,301,Sports,Yoga Mat,1,26.21,5,26.21,24.9,North,Website,Debit Card,False
102792,2025-10-23,11,Fashion,Wool Sweater,1,87.49,0,87.49,87.49,East,Mobile App,Cash on Delivery,False
101472,2025-10-24,225,Home & Kitchen,Blender,2,90.99,0,181.98,181.98,East,Mobile App,Digital Wallet,False
101830,2025-10-24,309,Sports,Dumbbell Set,2,55.6,5,111.2,105.64,Central,Website,Digital Wallet,False
102242,2025-10-24,1099,Electronics,Phone Case,1,98.3,5,98.3,93.38,Central,Mobile App,Credit Card,False
101861,2025-10-24,1091,Sports,Water Bottle,1,64.61,0,64.61,64.61,East,Mobile App,Debit Card,False
101348,2025-10-24,621,Beauty,Shampoo Bar,1,37.11,20,37.11,29.69,East,Website,Digital Wallet,False
100597,2025-10-24,605,Beauty,Makeup Brush Set,2,34.32,15,68.64,58.34,North,Website,Credit Card,False
101107,2025-10-24,214,Home & Kitchen,Air Fryer,1,58.79,10,58.79,52.91,Central,Website,Debit Card,False
102621,2025-10-25,160,Sports,Yoga Mat,2,14.16,0,28.32,28.32,North,Mobile App,Credit Card,False
101970,2025-10-25,116,Home & Kitchen,Storage Containers,1,70.14,10,70.14,63.13,East,Mobile App,Debit Card,False
100244,2025-10-25,64,Fashion,Wool Sweater,1,91.74,10,91.74,82.57,Central,Mobile App,Credit Card,False
100587,2025-10-25,833,Electronics,Smart Watch,1,158.01,20,158.01,126.41,South,Mobile App,Debit Card,False
100097,2025-10-25,958,Sports,Yoga Mat,1,48.7,0,48.7,48.7,East,Mobile App,Credit Card,False
101368,2025-10-26,401,Electronics,Bluetooth Speaker,2,60.78,0,121.56,121.56,West,Website,Debit Card,False
101420,2025-10-26,696,Beauty,Makeup Brush Set,1,30.07,10,30.07,27.06,Central,Website,Cash on Delivery,False
100340,2025-10-26,780,Electronics,Phone Case,1,159.6,0,159.6,159.6,West,Mobile App,Credit Card,False
100074,2025-10-26,554,Home & Kitchen,Air Fryer,2,90.66,5,181.32,172.25,East,Website,Credit Card,False
101736,2025-10-26,757,Electronics,Laptop Stand,1,161.12,10,161.12,145.01,North,Mobile App,Digital Wallet,False
102646,2025-10-26,887,Beauty,Body Lotion,1,10.33,0,10.33,10.33,South,Marketplace,Debit Card,False
100453,2025-10-26,325,Fashion,Sunglasses,1,36.72,0,36.72,36.72,South,Website,Credit Card,False
101326,2025-10-26,684,Beauty,Shampoo Bar,2,30.31,5,60.62,57.59,East,Mobile App,Credit Card,False
101035,2025-10-27,1174,Electronics,Phone Case,1,26.4,0,26.4,26.4,East,Website,Debit Card,False
100200,2025-10-27,371,Home & Kitchen,Coffee Maker,4,84.28,0,337.12,337.12,South,Website,Credit Card,False
101166,2025-10-27,633,Beauty,Face Serum,1,48.48,0,48.48,48.48,South,Mobile App,Digital Wallet,False
100973,2025-10-27,929,Electronics,Smart Watch,1,158.77,0,158.77,158.77,Central,Website,Debit Card,False
101587,2025-10-27,82,Beauty,Face Serum,1,16.21,20,16.21,12.97,South,Mobile App,Debit Card,False
101238,2025-10-27,1027,Fashion,Denim Jacket,1,18.3,0,18.3,18.3,West,Mobile App,Debit Card,False
101570,2025-10-27,1056,Sports,Yoga Mat,2,42.22,0,84.44,84.44,Central,Mobile App,Credit Card,False
100211,2025-10-27,943,Electronics,USB-C Charger,1,175.89,0,175.89,175.89,South,Website,Digital Wallet,False
100581,2025-10-27,1096,Home & Kitchen,Coffee Maker,2,93.56,10,187.12,168.41,South,Mobile App,Debit Card,False
101923,2025-10-27,555,Fashion,Backpack,2,16.13,0,32.26,32.26,Central,Website,Digital Wallet,False
102392,2025-10-28,213,Beauty,Face Serum,1,13.65,15,13.65,11.6,Central,Mobile App,Cash on Delivery,False
102864,2025-10-28,1089,Home & Kitchen,Air Fryer,1,118.92,0,118.92,118.92,West,Website,Debit Card,False
102205,2025-10-28,375,Electronics,Laptop Stand,1,124.82,0,124.82,124.82,North,Mobile App,Digital Wallet,False
100115,2025-10-28,82,Beauty,Makeup Brush Set,3,53.85,0,161.55,161.55,South,Website,Credit Card,False
101084,2025-10-28,775,Fashion,Running Shoes,1,86.23,5,86.23,81.92,North,Website,Debit Card,False
101941,2025-10-29,892,Fashion,Running Shoes,1,54.65,0,54.65,54.65,West,Mobile App,Digital Wallet,False
101235,2025-10-29,915,Fashion,Denim Jacket,2,44.94,0,89.88,89.88,North,Mobile App,Debit Card,False
102098,2025-10-29,639,Fashion,Denim Jacket,1,35.31,15,35.31,30.01,North,Mobile App,Debit Card,False
102782,2025-10-29,1196,Electronics,USB-C Charger,1,124.47,0,124.47,124.47,North,Website,Digital Wallet,False
102338,2025-10-30,80,Home & Kitchen,Air Fryer,4,147.42,15,589.68,501.23,West,Website,Debit Card,False
102235,2025-10-30,261,Home & Kitchen,Storage Containers,4,123.43,20,493.72,394.98,South,Website,Credit Card,False
102271,2025-10-30,1114,Electronics,USB-C Charger,1,130.64,10,130.64,117.58,West,Mobile App,Debit Card,False
102652,2025-10-30,16,Electronics,Smart Watch,1,168.24,0,168.24,168.24,West,Mobile App,Debit Card,False
101236,2025-10-30,988,Home & Kitchen,Storage Containers,1,32.83,0,32.83,32.83,East,Mobile App,Cash on Delivery,False
100165,2025-10-31,931,Fashion,Backpack,1,97.95,0,97.95,97.95,Central,Website,Credit Card,False
100191,2025-10-31,542,Beauty,Makeup Brush Set,1,9.19,5,9.19,8.73,East,Website,Credit Card,False
100787,2025-10-31,561,Fashion,Backpack,4,108.99,5,435.96,414.16,East,Marketplace,Debit Card,False
100255,2025-10-31,1098,Sports,Yoga Mat,1,27.17,10,27.17,24.45,North,Mobile App,Digital Wallet,False
102684,2025-10-31,809,Fashion,Running Shoes,2,30.12,0,60.24,60.24,Central,Mobile App,Debit Card,False
100023,2025-10-31,960,Sports,Yoga Mat,2,48.94,0,97.88,97.88,Central,Mobile App,Debit Card,False
101700,2025-11-01,476,Electronics,Bluetooth Speaker,2,118.24,0,236.48,236.48,North,Website,Digital Wallet,False
102767,2025-11-01,1170,Home & Kitchen,Coffee Maker,1,129.41,0,129.41,129.41,South,Website,Digital Wallet,False
101963,2025-11-01,940,Electronics,Smart Watch,1,164.96,0,164.96,164.96,South,Website,Credit Card,False
101149,2025-11-01,205,Fashion,Running Shoes,1,37.66,0,37.66,37.66,West,Mobile App,Digital Wallet,False
100016,2025-11-02,752,Fashion,Backpack,1,53.81,10,53.81,48.43,Central,Mobile App,Debit Card,False
102750,2025-11-02,629,Electronics,Laptop Stand,3,59.36,0,178.08,178.08,South,Mobile App,Credit Card,False
100423,2025-11-03,457,Home & Kitchen,Air Fryer,1,24.95,5,24.95,23.7,West,Mobile App,Debit Card,False
102402,2025-11-03,168,Electronics,Phone Case,2,125.22,15,250.44,212.87,South,Mobile App,Debit Card,False
100784,2025-11-03,913,Home & Kitchen,Storage Containers,2,149.77,0,299.54,299.54,South,Mobile App,Credit Card,False
101672,2025-11-03,1094,Home & Kitchen,Air Fryer,1,107.2,5,107.2,101.84,West,Website,Digital Wallet,False
101134,2025-11-03,999,Home & Kitchen,Blender,3,20.46,0,61.38,61.38,Central,Mobile App,Debit Card,False
102689,2025-11-03,1156,Fashion,Wool Sweater,1,115.36,5,115.36,109.59,West,Marketplace,Digital Wallet,False
100220,2025-11-03,514,Home & Kitchen,Blender,1,29.65,5,29.65,28.17,North,Website,Cash on Delivery,False
100613,2025-11-04,118,Electronics,Laptop Stand,1,171.92,0,171.92,171.92,South,Mobile App,Digital Wallet,False
100492,2025-11-04,1095,Home & Kitchen,Storage Containers,1,136.66,0,136.66,136.66,East,Mobile App,Credit Card,False
100117,2025-11-05,484,Electronics,Bluetooth Speaker,2,92.0,0,184.0,184.0,Central,Website,Cash on Delivery,False
102035,2025-11-05,234,Electronics,Smart Watch,3,108.97,0,326.91,326.91,East,Website,Digital Wallet,False
101254,2025-11-05,165,Fashion,Running Shoes,1,85.45,5,85.45,81.18,South,Website,Credit Card,False
101177,2025-11-05,667,Beauty,Shampoo Bar,3,43.28,0,129.84,129.84,South,Website,Credit Card,False
100574,2025-11-05,58,Electronics,USB-C Charger,1,47.26,5,47.26,44.9,South,Website,Credit Card,False
101979,2025-11-06,394,Fashion,Backpack,3,79.68,20,239.04,191.23,East,Website,Digital Wallet,False
100119,2025-11-06,738,Fashion,Sunglasses,1,17.58,0,17.58,17.58,East,Website,Credit Card,False
100039,2025-11-06,37,Beauty,Body Lotion,2,37.95,0,75.9,75.9,North,Mobile App,Credit Card,False
100318,2025-11-07,1042,Fashion,Sunglasses,1,39.11,0,39.11,39.11,Central,Mobile App,Digital Wallet,False
101862,2025-11-07,771,Home & Kitchen,Non-Stick Pan Set,2,58.54,15,117.08,99.52,South,Mobile App,Cash on Delivery,False
102998,2025-11-07,306,Fashion,Running Shoes,2,63.58,0,127.16,127.16,Central,Mobile App,Credit Card,False
101060,2025-11-07,169,Fashion,Running Shoes,1,39.04,0,39.04,39.04,East,Website,Digital Wallet,False
102034,2025-11-08,415,Electronics,Wireless Earbuds,1,147.8,5,147.8,140.41,Central,Website,Cash on Delivery,False
101117,2025-11-08,1179,Electronics,USB-C Charger,1,168.17,0,168.17,168.17,South,Website,Credit Card,False
102196,2025-11-08,664,Electronics,USB-C Charger,1,166.23,0,166.23,166.23,West,Website,Digital Wallet,False
101879,2025-11-08,31,Fashion,Backpack,1,94.06,10,94.06,84.65,South,Website,Digital Wallet,False
102525,2025-11-08,60,Electronics,Laptop Stand,1,48.17,0,48.17,48.17,South,Marketplace,Digital Wallet,False
102531,2025-11-08,107,Home & Kitchen,Air Fryer,1,70.35,0,70.35,70.35,Central,Mobile App,Digital Wallet,False
102087,2025-11-09,836,Home & Kitchen,Blender,3,84.86,15,254.58,216.39,South,Mobile App,Credit Card,False
101469,2025-11-09,460,Fashion,Running Shoes,1,60.55,0,60.55,60.55,Central,Website,Digital Wallet,False
101622,2025-11-09,656,Home & Kitchen,Coffee Maker,1,32.62,0,32.62,32.62,North,Website,Debit Card,False
102773,2025-11-09,774,Beauty,Shampoo Bar,1,32.24,0,32.24,32.24,South,Website,Digital Wallet,False
102264,2025-11-09,885,Sports,Water Bottle,1,10.37,5,10.37,9.85,West,Website,Debit Card,False
101835,2025-11-09,882,Sports,Dumbbell Set,1,12.88,5,12.88,12.24,North,Mobile App,Cash on Delivery,False
101417,2025-11-09,1114,Home & Kitchen,Non-Stick Pan Set,1,34.31,0,34.31,34.31,Central,Mobile App,Digital Wallet,False
102932,2025-11-10,895,Beauty,Body Lotion,1,19.74,0,19.74,19.74,South,Marketplace,Debit Card,False
102257,2025-11-10,703,Beauty,Face Serum,1,50.55,5,50.55,48.02,North,Mobile App,Credit Card,False
102263,2025-11-10,472,Fashion,Denim Jacket,1,38.45,0,38.45,38.45,North,Website,Digital Wallet,False
101901,2025-11-10,799,Sports,Water Bottle,2,50.31,0,100.62,100.62,South,Mobile App,Debit Card,True
102603,2025-11-11,682,Sports,Dumbbell Set,1,12.18,0,12.18,12.18,South,Mobile App,Credit Card,False
102624,2025-11-11,465,Home & Kitchen,Non-Stick Pan Set,1,81.12,0,81.12,81.12,South,Website,Credit Card,False
102066,2025-11-11,342,Home & Kitchen,Air Fryer,2,147.65,10,295.3,265.77,West,Mobile App,Credit Card,False
100145,2025-11-11,19,Beauty,Face Serum,2,37.48,10,74.96,67.46,Central,Mobile App,Cash on Delivery,False
100682,2025-11-12,228,Fashion,Running Shoes,1,39.12,0,39.12,39.12,East,Website,Credit Card,False
100012,2025-11-12,190,Fashion,Sunglasses,1,99.39,15,99.39,84.48,East,Website,Credit Card,False
100579,2025-11-12,106,Beauty,Face Serum,2,31.02,0,62.04,62.04,South,Website,Credit Card,False
102403,2025-11-12,1050,Fashion,Running Shoes,1,57.43,0,57.43,57.43,West,Mobile App,Debit Card,False
102931,2025-11-13,700,Home & Kitchen,Blender,2,46.04,0,92.08,92.08,East,Mobile App,Credit Card,False
101682,2025-11-13,134,Home & Kitchen,Air Fryer,1,40.42,0,40.42,40.42,East,Website,Debit Card,False
100429,2025-11-13,1122,Beauty,Shampoo Bar,1,31.01,10,31.01,27.91,West,Website,Credit Card,False
101779,2025-11-14,367,Fashion,Running Shoes,3,18.73,0,56.19,56.19,North,Mobile App,Credit Card,False
100684,2025-11-14,1097,Home & Kitchen,Non-Stick Pan Set,1,132.58,10,132.58,119.32,West,Mobile App,Credit Card,False
101386,2025-11-14,898,Beauty,Body Lotion,1,13.68,0,13.68,13.68,North,Website,Cash on Delivery,False
101038,2025-11-15,1013,Fashion,Backpack,1,106.72,0,106.72,106.72,South,Marketplace,Debit Card,False
101384,2025-11-15,149,Sports,Yoga Mat,1,45.66,0,45.66,45.66,Central,Website,Credit Card,True
101616,2025-11-15,202,Home & Kitchen,Blender,2,142.1,15,284.2,241.57,Central,Website,Credit Card,False
102656,2025-11-15,24,Home & Kitchen,Non-Stick Pan Set,1,137.63,0,137.63,137.63,Central,Website,Digital Wallet,False
101232,2025-11-15,1157,Home & Kitchen,Storage Containers,1,71.51,0,71.51,71.51,Central,Website,Credit Card,False
100785,2025-11-15,95,Fashion,Backpack,3,44.28,0,132.84,132.84,East,Mobile App,Cash on Delivery,False
101647,2025-11-15,111,Fashion,Backpack,1,93.22,0,93.22,93.22,Central,Marketplace,Credit Card,False
101784,2025-11-15,486,Fashion,Sunglasses,1,81.1,5,81.1,77.04,Central,Marketplace,Credit Card,False
100026,2025-11-16,1063,Fashion,Denim Jacket,1,41.69,0,41.69,41.69,North,Website,Digital Wallet,False
102408,2025-11-16,1004,Fashion,Backpack,1,115.43,0,115.43,115.43,West,Website,Digital Wallet,False
101845,2025-11-17,693,Sports,Dumbbell Set,1,11.41,0,11.41,11.41,East,Marketplace,Digital Wallet,False
100231,2025-11-17,1137,Electronics,Laptop Stand,1,84.5,0,84.5,84.5,East,Mobile App,Debit Card,False
101945,2025-11-17,81,Sports,Water Bottle,1,17.44,0,17.44,17.44,East,Mobile App,Debit Card,False
102485,2025-11-17,390,Electronics,Phone Case,1,49.65,10,49.65,44.68,Central,Website,Credit Card,False
100268,2025-11-17,665,Electronics,Laptop Stand,1,44.46,10,44.46,40.01,North,Website,Credit Card,False
100818,2025-11-18,646,Electronics,Wireless Earbuds,1,86.7,0,86.7,86.7,North,Website,Digital Wallet,False
100634,2025-11-18,182,Sports,Resistance Bands,1,73.79,15,73.79,62.72,West,Website,Credit Card,False
100113,2025-11-18,40,Electronics,Wireless Earbuds,2,34.54,0,69.08,69.08,East,Mobile App,Credit Card,False
100829,2025-11-19,740,Home & Kitchen,Non-Stick Pan Set,1,111.4,0,111.4,111.4,Central,Website,Cash on Delivery,False
100580,2025-11-19,1168,Electronics,USB-C Charger,1,29.52,0,29.52,29.52,South,Website,Debit Card,False
100070,2025-11-20,777,Fashion,Denim Jacket,1,118.95,10,118.95,107.06,North,Website,Credit Card,False
102259,2025-11-20,416,Home & Kitchen,Air Fryer,2,72.16,0,144.32,144.32,Central,Website,Digital Wallet,False
101192,2025-11-20,915,Home & Kitchen,Blender,2,75.19,10,150.38,135.34,East,Mobile App,Debit Card,False
102227,2025-11-21,932,Home & Kitchen,Storage Containers,1,45.88,0,45.88,45.88,East,Mobile App,Digital Wallet,False
100889,2025-11-21,460,Fashion,Sunglasses,1,46.09,0,46.09,46.09,North,Website,Debit Card,False
101871,2025-11-21,919,Fashion,Backpack,1,42.63,15,42.63,36.24,East,Mobile App,Debit Card,False
102150,2025-11-22,309,Home & Kitchen,Blender,1,97.63,0,97.63,97.63,Central,Website,Digital Wallet,False
101463,2025-11-22,1117,Fashion,Wool Sweater,1,22.78,15,22.78,19.36,West,Mobile App,Credit Card,False
101634,2025-11-22,420,Beauty,Makeup Brush Set,2,30.0,0,60.0,60.0,North,Mobile App,Digital Wallet,False
101424,2025-11-22,19,Sports,Yoga Mat,2,13.19,0,26.38,26.38,Central,Marketplace,Digital Wallet,False
101813,2025-11-23,884,Electronics,Wireless Earbuds,1,119.05,10,119.05,107.14,North,Marketplace,Credit Card,False
101718,2025-11-23,1064,Fashion,Sunglasses,1,67.6,20,67.6,54.08,South,Mobile App,Debit Card,False
101612,2025-11-23,1198,Electronics,Laptop Stand,1,99.78,20,99.78,79.82,West,Website,Credit Card,False
102923,2025-11-23,1188,Beauty,Makeup Brush Set,1,31.71,5,31.71,30.12,East,Mobile App,Debit Card,False
100921,2025-11-23,1142,Beauty,Body Lotion,2,41.72,0,83.44,83.44,South,Marketplace,Debit Card,False
100494,2025-11-23,472,Fashion,Wool Sweater,1,45.08,5,45.08,42.83,North,Mobile App,Digital Wallet,False
100598,2025-11-23,326,Home & Kitchen,Coffee Maker,1,128.15,0,128.15,128.15,Central,Mobile App,Cash on Delivery,False
102881,2025-11-24,90,Home & Kitchen,Non-Stick Pan Set,1,77.56,15,77.56,65.93,West,Mobile App,Cash on Delivery,False
102981,2025-11-24,639,Electronics,Smart Watch,1,100.21,0,100.21,100.21,Central,Mobile App,Credit Card,False
101366,2025-11-24,417,Home & Kitchen,Coffee Maker,1,46.6,10,46.6,41.94,North,Mobile App,Digital Wallet,False
102311,2025-11-24,425,Fashion,Wool Sweater,2,64.68,15,129.36,109.96,North,Mobile App,Debit Card,False
101206,2025-11-24,321,Fashion,Sunglasses,1,118.97,0,118.97,118.97,East,Website,Digital Wallet,False
101919,2025-11-24,890,Sports,Water Bottle,1,27.35,5,27.35,25.98,Central,Website,Credit Card,False
101164,2025-11-25,1111,Fashion,Wool Sweater,1,96.2,0,96.2,96.2,West,Mobile App,Debit Card,False
101856,2025-11-25,171,Fashion,Sunglasses,1,66.34,0,66.34,66.34,South,Marketplace,Credit Card,True
100751,2025-11-25,345,Electronics,USB-C Charger,2,73.44,10,146.88,132.19,North,Website,Credit Card,False
100040,2025-11-25,177,Beauty,Face Serum,1,27.64,0,27.64,27.64,North,Website,Digital Wallet,False
101143,2025-11-25,799,Electronics,Wireless Earbuds,2,172.24,0,344.48,344.48,East,Mobile App,Cash on Delivery,True
101136,2025-11-26,754,Sports,Yoga Mat,1,87.71,15,87.71,74.55,South,Website,Credit Card,False
100106,2025-11-27,1166,Electronics,Wireless Earbuds,1,144.08,0,144.08,144.08,Central,Mobile App,Credit Card,False
101511,2025-11-27,9,Home & Kitchen,Air Fryer,1,127.89,15,127.89,108.71,West,Marketplace,Digital Wallet,False
102043,2025-11-27,699,Electronics,Wireless Earbuds,3,146.27,0,438.81,438.81,East,Mobile App,Credit Card,False
100925,2025-11-28,434,Beauty,Face Serum,1,17.81,0,17.81,17.81,Central,Website,Credit Card,False
102549,2025-11-28,738,Home & Kitchen,Blender,1,51.72,0,51.72,51.72,South,Website,Credit Card,False
100063,2025-11-28,485,Fashion,Backpack,1,70.87,0,70.87,70.87,East,Website,Credit Card,False
101867,2025-11-28,1189,Home & Kitchen,Storage Containers,1,131.85,0,131.85,131.85,North,Website,Credit Card,False
100798,2025-11-28,97,Fashion,Denim Jacket,1,66.04,0,66.04,66.04,North,Mobile App,Digital Wallet,False
100357,2025-11-28,383,Fashion,Wool Sweater,1,98.57,5,98.57,93.64,North,Website,Debit Card,False
101399,2025-11-29,165,Fashion,Denim Jacket,1,15.92,0,15.92,15.92,East,Mobile App,Debit Card,False
101029,2025-11-29,423,Electronics,USB-C Charger,2,70.98,20,141.96,113.57,East,Marketplace,Digital Wallet,False
100277,2025-11-29,883,Fashion,Backpack,2,63.19,0,126.38,126.38,South,Marketplace,Credit Card,False
100460,2025-11-29,415,Home & Kitchen,Storage Containers,3,147.56,15,442.68,376.28,East,Mobile App,Digital Wallet,False
102308,2025-11-30,704,Fashion,Wool Sweater,3,101.1,0,303.3,303.3,West,Website,Credit Card,False
101852,2025-11-30,399,Electronics,Wireless Earbuds,1,76.48,0,76.48,76.48,Central,Website,Cash on Delivery,False
101030,2025-12-01,975,Beauty,Body Lotion,1,25.87,0,25.87,25.87,East,Mobile App,Cash on Delivery,False
100638,2025-12-01,45,Electronics,Bluetooth Speaker,1,177.19,15,177.19,150.61,East,Website,Digital Wallet,False
102755,2025-12-01,1073,Beauty,Face Serum,1,20.84,5,20.84,19.8,South,Mobile App,Digital Wallet,False
101711,2025-12-01,147,Sports,Dumbbell Set,1,47.73,0,47.73,47.73,South,Website,Debit Card,False
102535,2025-12-01,458,Sports,Water Bottle,2,47.98,0,95.96,95.96,South,Mobile App,Cash on Delivery,False
100920,2025-12-02,921,Electronics,Laptop Stand,1,161.5,0,161.5,161.5,Central,Website,Digital Wallet,False
101109,2025-12-02,761,Fashion,Backpack,2,90.38,15,180.76,153.65,Central,Website,Credit Card,False
101186,2025-12-02,453,Beauty,Makeup Brush Set,1,28.99,0,28.99,28.99,East,Mobile App,Cash on Delivery,False
102658,2025-12-02,146,Beauty,Shampoo Bar,1,49.79,0,49.79,49.79,North,Website,Credit Card,False
102905,2025-12-02,601,Sports,Water Bottle,1,88.33,0,88.33,88.33,Central,Website,Debit Card,False
102335,2025-12-02,936,Sports,Resistance Bands,2,40.96,0,81.92,81.92,East,Mobile App,Credit Card,False
102012,2025-12-02,651,Electronics,Smart Watch,1,42.96,0,42.96,42.96,South,Mobile App,Debit Card,False
100933,2025-12-03,776,Home & Kitchen,Non-Stick Pan Set,1,21.86,0,21.86,21.86,South,Website,Credit Card,False
101528,2025-12-03,733,Beauty,Shampoo Bar,2,28.51,15,57.02,48.47,South,Website,Digital Wallet,False
102690,2025-12-04,98,Electronics,USB-C Charger,2,165.88,10,331.76,298.58,Central,Mobile App,Debit Card,False
101119,2025-12-04,790,Fashion,Sunglasses,1,29.01,15,29.01,24.66,South,Mobile App,Debit Card,False
100478,2025-12-04,413,Fashion,Denim Jacket,1,95.17,20,95.17,76.14,Central,Website,Debit Card,False
102344,2025-12-04,498,Sports,Resistance Bands,1,29.7,10,29.7,26.73,North,Mobile App,Credit Card,False
101055,2025-12-06,36,Beauty,Face Serum,3,50.09,0,150.27,150.27,West,Website,Credit Card,False
100660,2025-12-06,939,Fashion,Running Shoes,1,94.0,0,94.0,94.0,North,Website,Credit Card,False
102181,2025-12-06,745,Electronics,Wireless Earbuds,2,75.94,15,151.88,129.1,North,Mobile App,Digital Wallet,False
101870,2025-12-06,42,Electronics,USB-C Charger,1,90.02,0,90.02,90.02,Central,Marketplace,Credit Card,False
102732,2025-12-06,911,Electronics,USB-C Charger,1,76.26,0,76.26,76.26,North,Website,Digital Wallet,False
100644,2025-12-06,715,Fashion,Wool Sweater,1,119.85,10,119.85,107.86,Central,Marketplace,Credit Card,False
101427,2025-12-06,489,Electronics,Phone Case,3,98.06,0,294.18,294.18,Central,Website,Credit Card,False
101080,2025-12-07,331,Home & Kitchen,Air Fryer,4,48.93,0,195.72,195.72,West,Mobile App,Credit Card,False
101184,2025-12-07,96,Sports,Dumbbell Set,1,70.56,10,70.56,63.5,East,Website,Digital Wallet,False
101374,2025-12-08,922,Fashion,Wool Sweater,1,69.64,0,69.64,69.64,South,Mobile App,Digital Wallet,False
101257,2025-12-08,1142,Home & Kitchen,Coffee Maker,4,24.71,0,98.84,98.84,West,Mobile App,Cash on Delivery,False
102599,2025-12-08,564,Electronics,Laptop Stand,1,179.87,0,179.87,179.87,South,Website,Credit Card,False
101959,2025-12-08,894,Fashion,Running Shoes,2,75.86,0,151.72,151.72,West,Marketplace,Debit Card,False
102593,2025-12-09,44,Fashion,Running Shoes,1,50.22,0,50.22,50.22,Central,Website,Cash on Delivery,True
102845,2025-12-09,140,Beauty,Body Lotion,1,38.37,0,38.37,38.37,North,Website,Cash on Delivery,False
102544,2025-12-09,597,Beauty,Face Serum,1,48.49,0,48.49,48.49,East,Mobile App,Credit Card,False
100845,2025-12-09,363,Beauty,Body Lotion,1,28.7,10,28.7,25.83,West,Website,Cash on Delivery,False
100474,2025-12-10,586,Sports,Water Bottle,1,69.03,0,69.03,69.03,South,Mobile App,Digital Wallet,False
100744,2025-12-11,810,Home & Kitchen,Coffee Maker,1,49.2,10,49.2,44.28,Central,Mobile App,Credit Card,False
101219,2025-12-11,754,Fashion,Running Shoes,1,15.39,0,15.39,15.39,North,Mobile App,Debit Card,False
101352,2025-12-11,43,Home & Kitchen,Non-Stick Pan Set,2,78.43,0,156.86,156.86,East,Website,Credit Card,False
100427,2025-12-12,862,Home & Kitchen,Air Fryer,3,95.48,5,286.44,272.12,North,Website,Digital Wallet,True
100810,2025-12-12,319,Electronics,Phone Case,1,130.96,15,130.96,111.32,Central,Website,Digital Wallet,False
100711,2025-12-12,550,Home & Kitchen,Coffee Maker,2,42.93,0,85.86,85.86,North,Website,Debit Card,False
102992,2025-12-12,113,Fashion,Running Shoes,1,115.58,0,115.58,115.58,Central,Mobile App,Digital Wallet,False
101440,2025-12-13,321,Fashion,Wool Sweater,1,102.79,5,102.79,97.65,West,Mobile App,Debit Card,False
102191,2025-12-13,510,Sports,Yoga Mat,1,54.79,15,54.79,46.57,South,Marketplace,Debit Card,False
102976,2025-12-13,184,Sports,Yoga Mat,1,83.43,0,83.43,83.43,East,Website,Credit Card,True
102315,2025-12-14,891,Beauty,Makeup Brush Set,2,49.98,10,99.96,89.96,South,Website,Debit Card,False
102676,2025-12-14,410,Electronics,Smart Watch,2,49.81,0,99.62,99.62,South,Mobile App,Credit Card,False
102233,2025-12-14,910,Electronics,Laptop Stand,2,34.86,20,69.72,55.78,West,Website,Digital Wallet,False
100176,2025-12-15,87,Home & Kitchen,Coffee Maker,1,99.81,0,99.81,99.81,East,Website,Cash on Delivery,False
100247,2025-12-15,903,Home & Kitchen,Coffee Maker,4,132.53,0,530.12,530.12,East,Mobile App,Debit Card,False
100150,2025-12-15,751,Electronics,USB-C Charger,1,79.5,0,79.5,79.5,Central,Website,Credit Card,False
101094,2025-12-16,912,Home & Kitchen,Blender,3,89.76,0,269.28,269.28,Central,Mobile App,Cash on Delivery,False
101402,2025-12-16,139,Sports,Dumbbell Set,1,73.97,10,73.97,66.57,North,Website,Digital Wallet,False
100332,2025-12-16,384,Beauty,Body Lotion,1,12.0,0,12.0,12.0,South,Mobile App,Cash on Delivery,False
102273,2025-12-16,84,Fashion,Sunglasses,1,103.28,15,103.28,87.79,South,Mobile App,Credit Card,False
100116,2025-12-18,448,Electronics,Bluetooth Speaker,1,69.49,20,69.49,55.59,North,Website,Credit Card,False
100775,2025-12-18,1193,Electronics,USB-C Charger,1,35.42,10,35.42,31.88,East,Marketplace,Credit Card,False
101559,2025-12-18,710,Electronics,Laptop Stand,2,36.91,15,73.82,62.75,South,Website,Cash on Delivery,True
101713,2025-12-18,916,Fashion,Wool Sweater,3,44.28,20,132.84,106.27,South,Website,Credit Card,False
102109,2025-12-18,373,Fashion,Wool Sweater,3,22.17,0,66.51,66.51,Central,Mobile App,Debit Card,False
101438,2025-12-19,245,Fashion,Sunglasses,1,34.38,0,34.38,34.38,East,Website,Digital Wallet,False
101037,2025-12-20,236,Electronics,Wireless Earbuds,1,111.19,0,111.19,111.19,North,Mobile App,Debit Card,False
100421,2025-12-20,244,Sports,Yoga Mat,2,19.21,0,38.42,38.42,South,Mobile App,Debit Card,False
100419,2025-12-20,429,Beauty,Shampoo Bar,3,23.76,5,71.28,67.72,North,Mobile App,Credit Card,False
101715,2025-12-20,153,Home & Kitchen,Coffee Maker,1,29.44,0,29.44,29.44,South,Website,Debit Card,False
101332,2025-12-20,1080,Sports,Resistance Bands,2,80.93,0,161.86,161.86,North,Marketplace,Credit Card,False
100368,2025-12-20,920,Electronics,Phone Case,1,39.32,0,39.32,39.32,Central,Website,Debit Card,False
101917,2025-12-20,925,Sports,Dumbbell Set,1,83.02,0,83.02,83.02,Central,Marketplace,Cash on Delivery,False
102304,2025-12-20,1064,Electronics,Wireless Earbuds,1,171.92,20,171.92,137.54,North,Website,Digital Wallet,False
100154,2025-12-20,993,Electronics,Laptop Stand,2,67.59,0,135.18,135.18,South,Mobile App,Digital Wallet,False
102190,2025-12-20,1193,Fashion,Denim Jacket,1,113.7,5,113.7,108.02,Central,Website,Digital Wallet,False
102175,2025-12-20,1153,Sports,Resistance Bands,1,81.87,20,81.87,65.5,North,Mobile App,Credit Card,False
100936,2025-12-20,1187,Home & Kitchen,Coffee Maker,1,56.39,0,56.39,56.39,West,Mobile App,Digital Wallet,False
101385,2025-12-21,222,Fashion,Backpack,1,55.22,0,55.22,55.22,North,Mobile App,Cash on Delivery,False
101170,2025-12-21,1130,Fashion,Sunglasses,1,32.82,5,32.82,31.18,North,Website,Credit Card,False
101738,2025-12-22,494,Sports,Dumbbell Set,2,78.23,10,156.46,140.81,South,Website,Credit Card,False
101027,2025-12-22,280,Fashion,Denim Jacket,2,33.56,0,67.12,67.12,Central,Website,Credit Card,False
101791,2025-12-22,1052,Fashion,Wool Sweater,1,17.06,0,17.06,17.06,Central,Mobile App,Credit Card,False
100360,2025-12-22,849,Fashion,Wool Sweater,1,95.79,10,95.79,86.21,Central,Mobile App,Digital Wallet,False
102856,2025-12-23,582,Sports,Dumbbell Set,2,80.13,10,160.26,144.23,East,Marketplace,Debit Card,False
100929,2025-12-23,310,Electronics,Laptop Stand,1,26.71,0,26.71,26.71,North,Mobile App,Credit Card,False
101277,2025-12-23,675,Electronics,Smart Watch,2,78.31,15,156.62,133.13,North,Website,Credit Card,False
100262,2025-12-23,227,Electronics,USB-C Charger,1,102.28,10,102.28,92.05,East,Mobile App,Credit Card,False
101562,2025-12-23,924,Beauty,Face Serum,2,46.42,0,92.84,92.84,West,Website,Credit Card,False
102229,2025-12-23,761,Electronics,Phone Case,1,79.86,0,79.86,79.86,East,Mobile App,Credit Card,False
102145,2025-12-24,799,Home & Kitchen,Air Fryer,4,97.35,15,389.4,330.99,North,Mobile App,Digital Wallet,False
101820,2025-12-24,203,Electronics,USB-C Charger,1,61.76,10,61.76,55.58,South,Marketplace,Digital Wallet,False
102006,2025-12-24,787,Fashion,Denim Jacket,1,58.79,5,58.79,55.85,Central,Mobile App,Credit Card,False
100069,2025-12-24,259,Electronics,Wireless Earbuds,1,119.65,0,119.65,119.65,East,Marketplace,Credit Card,False
101739,2025-12-24,1159,Sports,Resistance Bands,1,73.73,10,73.73,66.36,West,Mobile App,Credit Card,False
102648,2025-12-24,764,Sports,Dumbbell Set,1,51.37,15,51.37,43.66,West,Mobile App,Digital Wallet,False
102950,2025-12-25,322,Electronics,Phone Case,4,39.02,5,156.08,148.28,South,Website,Cash on Delivery,False
101799,2025-12-25,52,Home & Kitchen,Storage Containers,1,137.49,5,137.49,130.62,East,Mobile App,Debit Card,False
101101,2025-12-25,267,Fashion,Denim Jacket,2,103.55,15,207.1,176.04,South,Mobile App,Debit Card,False
102056,2025-12-26,55,Fashion,Wool Sweater,1,84.76,10,84.76,76.28,East,Website,Credit Card,False
102677,2025-12-27,909,Electronics,Wireless Earbuds,2,41.91,5,83.82,79.63,South,Website,Digital Wallet,False
102433,2025-12-27,567,Electronics,Laptop Stand,2,121.27,0,242.54,242.54,North,Marketplace,Credit Card,False
100092,2025-12-27,494,Home & Kitchen,Blender,2,86.62,5,173.24,164.58,North,Website,Credit Card,False
102208,2025-12-27,1167,Beauty,Makeup Brush Set,1,48.11,0,48.11,48.11,North,Mobile App,Credit Card,False
101607,2025-12-28,790,Home & Kitchen,Coffee Maker,2,80.6,0,161.2,161.2,South,Website,Credit Card,False
102742,2025-12-28,566,Beauty,Shampoo Bar,1,13.91,10,13.91,12.52,South,Website,Cash on Delivery,False
101306,2025-12-28,1019,Electronics,Bluetooth Speaker,3,156.78,5,470.34,446.82,West,Website,Digital Wallet,False
100270,2025-12-28,1148,Electronics,Phone Case,1,71.95,0,71.95,71.95,South,Mobile App,Debit Card,False
100654,2025-12-28,1010,Home & Kitchen,Blender,2,90.31,0,180.62,180.62,West,Website,Credit Card,False
101654,2025-12-28,574,Home & Kitchen,Storage Containers,1,30.17,10,30.17,27.15,West,Marketplace,Credit Card,False
101811,2025-12-29,552,Beauty,Face Serum,1,8.66,0,8.66,8.66,North,Mobile App,Credit Card,False
102337,2025-12-29,302,Fashion,Wool Sweater,1,92.04,0,92.04,92.04,East,Website,Credit Card,False
102828,2025-12-30,705,Electronics,Laptop Stand,1,45.0,0,45.0,45.0,East,Website,Debit Card,False
100907,2025-12-30,120,Sports,Yoga Mat,1,10.46,0,10.46,10.46,South,Mobile App,Digital Wallet,False
102269,2025-12-30,101,Electronics,Bluetooth Speaker,1,138.32,0,138.32,138.32,West,Website,Credit Card,False
